[INFO] Training with: device=cuda:0, seed=42, rank=0
[INFO] Logging experiment in directory: logs/rsl_rl/go2_methoda_electric/2026-04-27_22-51-40_act-pos_pdt20ms_phyDt0p1ms_tauDec4
Setting seed: 42
Warp 1.12.0 initialized:
   CUDA Toolkit 12.9, Driver 13.0
   Devices:
     "cpu"      : "x86_64"
     "cuda:0"   : "NVIDIA GeForce RTX 5080" (15 GiB, sm_120, mempool enabled)
   Kernel cache:
     /home/rbdo/.cache/warp/1.12.0
Warp DeprecationWarning: The symbol `warp.context.runtime` will soon be removed from the public API. It can still be accessed from `warp._src.context.runtime` but might be changed or removed without notice.
Module mujoco_warp._src.smooth f756680 load on device 'cuda:0' took 14.12 ms  (cached)
Module mujoco_warp._src.collision_driver 4d8b905 load on device 'cuda:0' took 1.71 ms  (cached)
Module _nxn_broadphase__locals__kernel_e916423b e916423 load on device 'cuda:0' took 1.25 ms  (cached)
Module _primitive_narrowphase__locals__primitive_narrowphase_7f28fe80 7f28fe8 load on device 'cuda:0' took 2.01 ms  (cached)
Module mujoco_warp._src.constraint 63c97cb load on device 'cuda:0' took 10.11 ms  (cached)
Module mujoco_warp._src.forward 79daee5 load on device 'cuda:0' took 4.00 ms  (cached)
Module mujoco_warp._src.passive 7fb8524 load on device 'cuda:0' took 3.28 ms  (cached)
Module mujoco_warp._src.sensor 912ac95 load on device 'cuda:0' took 10.48 ms  (cached)
Module mujoco_warp._src.forward 33e5cfb load on device 'cuda:0' took 4.68 ms  (cached)
Module mujoco_warp._src.support 343d1ae load on device 'cuda:0' took 1.37 ms  (cached)
Module _tile_cholesky_factorize_solve__locals__cholesky_factorize_solve_886404d2 159512a load on device 'cuda:0' took 82.04 ms  (cached)
Module mujoco_warp._src.solver eaac975 load on device 'cuda:0' took 6.73 ms  (cached)
Module solve_init_jaref__locals__kernel_314bd857 314bd85 load on device 'cuda:0' took 1.20 ms  (cached)
Module mul_m_dense__locals___mul_m_dense_c372b8a5 c372b8a load on device 'cuda:0' took 1.19 ms  (cached)
Module update_constraint_efc__locals__kernel_84abb40b 84abb40 load on device 'cuda:0' took 1.89 ms  (cached)
Module update_constraint_gauss_cost__locals__kernel_ef360293 ef36029 load on device 'cuda:0' took 1.75 ms  (cached)
Module update_gradient_JTDAJ_dense_tiled__locals__kernel_2e5af601 a34ca0f load on device 'cuda:0' took 2.18 ms  (cached)
Module update_gradient_cholesky__locals__kernel_10e97a41 ebdd544 load on device 'cuda:0' took 102.12 ms  (cached)
Module linesearch_jv_fused__locals__kernel_171b5723 171b572 load on device 'cuda:0' took 1.50 ms  (cached)
Module linesearch_prepare_gauss__locals__kernel_7bbb5979 7bbb597 load on device 'cuda:0' took 1.89 ms  (cached)
Module update_constraint_efc__locals__kernel_19805a28 19805a2 load on device 'cuda:0' took 2.01 ms  (cached)
Module _contact_sort__locals__contact_sort_c2bd81ce 47863e6 load on device 'cuda:0' took 1.79 ms  (cached)
Module mujoco_warp._src.derivative a439cb3 load on device 'cuda:0' took 2.23 ms  (cached)
Module reset_data__locals__reset_xfrc_applied_f86f0829 f86f082 load on device 'cuda:0' took 2.78 ms  (cached)
Module reset_data__locals__reset_qM_1511185b 1511185 load on device 'cuda:0' took 2.00 ms  (cached)
Module reset_data__locals__reset_mocap_841cb68f 841cb68 load on device 'cuda:0' took 1.75 ms  (cached)
Module reset_data__locals__reset_contact_76c1c25e 76c1c25 load on device 'cuda:0' took 1.66 ms  (cached)
Module reset_data__locals__reset_nworld_d108b6ac d108b6a load on device 'cuda:0' took 2.38 ms  (cached)

+---------------------------------+
|         Base Environment        |
+------------------------+--------+
| Property               | Value  |
+------------------------+--------+
| Number of environments | 1      |
| Environment device     | cuda:0 |
| Environment seed       | 42     |
| Physics step-size      | 0.0001 |
| Environment step-size  | 0.02   |
+------------------------+--------+

[INFO] <EventManager> contains 3 active terms.
+-------------------------------------+
| Active Event Terms in Mode: 'reset' |
+--------+----------------------------+
| Index  | Name                       |
+--------+----------------------------+
|   0    | reset_base                 |
|   1    | reset_robot_joints         |
+--------+----------------------------+
+----------------------------------------------+
|    Active Event Terms in Mode: 'interval'    |
+-------+------------+-------------------------+
| Index | Name       | Interval time range (s) |
+-------+------------+-------------------------+
|   0   | push_robot |        (1.0, 3.0)       |
+-------+------------+-------------------------+
+---------------------------------------+
| Active Event Terms in Mode: 'startup' |
+-----------+---------------------------+
|   Index   | Name                      |
+-----------+---------------------------+
|     0     | foot_friction             |
|     1     | encoder_bias              |
|     2     | base_com                  |
+-----------+---------------------------+
+-----------------------------+
| Domain Randomization Fields |
+-------+---------------------+
| Index | Field Name          |
+-------+---------------------+
|   0   | geom_friction       |
|   1   | body_ipos           |
|   2   | body_subtreemass    |
|   3   | dof_invweight0      |
|   4   | body_invweight0     |
|   5   | tendon_length0      |
|   6   | tendon_invweight0   |
+-------+---------------------+

[INFO] <CommandManager> contains 1 active terms.
+----------------------------------------+
|          Active Command Terms          |
+-------+-------+------------------------+
| Index | Name  |          Type          |
+-------+-------+------------------------+
|   0   | twist | UniformVelocityCommand |
+-------+-------+------------------------+

[INFO] <ActionManager> contains 1 active terms.
+---------------------------------+
| Active Action Terms (shape: 12) |
+-------+-----------+-------------+
| Index | Name      |   Dimension |
+-------+-----------+-------------+
|   0   | joint_pos |          12 |
+-------+-----------+-------------+

[INFO] <ObservationManager> contains 2 groups.
+-----------------------------------------------------------+
| Active Observation Terms in Group: 'actor' (shape: (47,)) |
+--------+------------------------+-------------------------+
| Index  | Name                   |          Shape          |
+--------+------------------------+-------------------------+
|   0    | base_ang_vel           |      (3,)  ← 1×(3,)     |
|   1    | projected_gravity      |      (3,)  ← 1×(3,)     |
|   2    | command                |      (3,)  ← 1×(3,)     |
|   3    | phase                  |      (2,)  ← 1×(2,)     |
|   4    | joint_pos              |     (12,)  ← 1×(12,)    |
|   5    | joint_vel              |     (12,)  ← 1×(12,)    |
|   6    | actions                |     (12,)  ← 1×(12,)    |
+--------+------------------------+-------------------------+
+------------------------------------------------------------+
| Active Observation Terms in Group: 'critic' (shape: (74,)) |
+--------+--------------------------+------------------------+
| Index  | Name                     |         Shape          |
+--------+--------------------------+------------------------+
|   0    | base_ang_vel             |     (3,)  ← 1×(3,)     |
|   1    | projected_gravity        |     (3,)  ← 1×(3,)     |
|   2    | command                  |     (3,)  ← 1×(3,)     |
|   3    | phase                    |     (2,)  ← 1×(2,)     |
|   4    | joint_pos                |    (12,)  ← 1×(12,)    |
|   5    | joint_vel                |    (12,)  ← 1×(12,)    |
|   6    | actions                  |    (12,)  ← 1×(12,)    |
|   7    | base_lin_vel             |     (3,)  ← 1×(3,)     |
|   8    | foot_height              |     (4,)  ← 1×(4,)     |
|   9    | foot_air_time            |     (4,)  ← 1×(4,)     |
|   10   | foot_contact             |     (4,)  ← 1×(4,)     |
|   11   | foot_contact_forces      |    (12,)  ← 1×(12,)    |
+--------+--------------------------+------------------------+

[INFO] <TerminationManager> contains 3 active terms.
+------------------------------------+
|      Active Termination Terms      |
+-------+-----------------+----------+
| Index | Name            | Time Out |
+-------+-----------------+----------+
|   0   | time_out        |   True   |
|   1   | fell_over       |  False   |
|   2   | illegal_contact |  False   |
+-------+-----------------+----------+
wandb: WARNING `start_method` is deprecated and will be removed in a future version of wandb. This setting is currently non-functional and safely ignored.
wandb: [wandb.login()] Loaded credentials for https://api.wandb.ai from /home/rbdo/.netrc.
wandb: Currently logged in as: qwad1206 (qwad1206-konkuk-university) to https://api.wandb.ai. Use `wandb login --relogin` to force relogin
wandb: setting up run 2bmazpjm
wandb: Tracking run with wandb version 0.25.1
wandb: Run data is saved locally in /home/rbdo/unitree_rl_mjlab/wandb/run-20260427_225145-2bmazpjm
wandb: Run `wandb offline` to turn off syncing.
wandb: Syncing run 2026-04-27_22-51-40_act-pos_pdt20ms_phyDt0p1ms_tauDec4
wandb: ⭐️ View project at https://wandb.ai/qwad1206-konkuk-university/mjlab
wandb: 🚀 View run at https://wandb.ai/qwad1206-konkuk-university/mjlab/runs/2bmazpjm
wandb: WARNING Symlinked 1 file into the W&B run directory; call wandb.save again to sync new files.
wandb: WARNING Symlinked 1 file into the W&B run directory; call wandb.save again to sync new files.
wandb: WARNING Symlinked 1 file into the W&B run directory; call wandb.save again to sync new files.

[INFO] <RewardManager> contains 15 active terms.
+-------------------------------------------+
|            Active Reward Terms            |
+-------+------------------------+----------+
| Index | Name                   |   Weight |
+-------+------------------------+----------+
|   0   | track_linear_velocity  |      1.0 |
|   1   | track_angular_velocity |      1.0 |
|   2   | body_orientation_l2    |     -1.0 |
|   3   | pose                   |      1.0 |
|   4   | body_ang_vel           |    -0.05 |
|   5   | angular_momentum       |   -0.025 |
|   6   | is_terminated          |   -200.0 |
|   7   | joint_acc_l2           | -2.5e-07 |
|   8   | joint_pos_limits       |    -10.0 |
|   9   | action_rate_l2         |    -0.05 |
|   10  | foot_gait              |      0.5 |
|   11  | foot_clearance         |     -1.0 |
|   12  | foot_slip              |    -0.25 |
|   13  | soft_landing           |   -0.001 |
|   14  | stand_still            |     -1.0 |
+-------+------------------------+----------+

[INFO] <CurriculumManager> contains 1 active terms.
+-------------------------+
| Active Curriculum Terms |
+--------+----------------+
| Index  | Name           |
+--------+----------------+
|   0    | command_vel    |
+--------+----------------+

[INFO] <MetricsManager> contains 1 active terms.
+-------------------------+
|   Active Metrics Terms  |
+-------+-----------------+
| Index | Name            |
+-------+-----------------+
|   0   | mean_action_acc |
+-------+-----------------+

Module mujoco_warp._src.io ad190f3 load on device 'cuda:0' took 8.76 ms  (cached)
Module _tile_cholesky_factorize__locals__cholesky_factorize_bd98e5db 78076c6 load on device 'cuda:0' took 79.07 ms  (cached)
Module _tile_cholesky_solve__locals__cholesky_solve_7bd08b0a 54b9810 load on device 'cuda:0' took 95.61 ms  (cached)
--------------------------------------------------------------------------------
Resolved observation sets: 
	 actor :  ('actor',)
	 critic :  ('critic',)
--------------------------------------------------------------------------------
Actor Model: MLPModel(
  (obs_normalizer): EmpiricalNormalization()
  (distribution): GaussianDistribution()
  (mlp): MLP(
    (0): Linear(in_features=47, out_features=512, bias=True)
    (1): ELU(alpha=1.0)
    (2): Linear(in_features=512, out_features=256, bias=True)
    (3): ELU(alpha=1.0)
    (4): Linear(in_features=256, out_features=128, bias=True)
    (5): ELU(alpha=1.0)
    (6): Linear(in_features=128, out_features=12, bias=True)
  )
)
Critic Model: MLPModel(
  (obs_normalizer): EmpiricalNormalization()
  (mlp): MLP(
    (0): Linear(in_features=74, out_features=512, bias=True)
    (1): ELU(alpha=1.0)
    (2): Linear(in_features=512, out_features=256, bias=True)
    (3): ELU(alpha=1.0)
    (4): Linear(in_features=256, out_features=128, bias=True)
    (5): ELU(alpha=1.0)
    (6): Linear(in_features=128, out_features=1, bias=True)
  )
)
Could not find git repository in /home/rbdo/miniconda3/envs/mjlab/lib/python3.11/site-packages/rsl_rl/__init__.py. Skipping.
Storing git diff for 'unitree_rl_mjlab' in: logs/rsl_rl/go2_methoda_electric/2026-04-27_22-51-40_act-pos_pdt20ms_phyDt0p1ms_tauDec4/git/unitree_rl_mjlab.diff
################################################################################
[1m                           Learning iteration 0/2000                            [0m 

                               Run name: act-pos_pdt20ms_phyDt0p1ms_tauDec4
                            Total steps: 24 
                       Steps per second: 2 
                        Collection time: 9.604s 
                          Learning time: 0.437s 
                        Mean value loss: 0.0245
                    Mean surrogate loss: -0.0807
                      Mean entropy loss: 17.0206
                        Mean action std: 1.00
   Episode_Reward/track_linear_velocity: 0.0000
  Episode_Reward/track_angular_velocity: 0.0000
     Episode_Reward/body_orientation_l2: 0.0000
                    Episode_Reward/pose: 0.0000
            Episode_Reward/body_ang_vel: 0.0000
        Episode_Reward/angular_momentum: 0.0000
           Episode_Reward/is_terminated: 0.0000
            Episode_Reward/joint_acc_l2: 0.0000
        Episode_Reward/joint_pos_limits: 0.0000
          Episode_Reward/action_rate_l2: 0.0000
               Episode_Reward/foot_gait: 0.0000
          Episode_Reward/foot_clearance: 0.0000
               Episode_Reward/foot_slip: 0.0000
            Episode_Reward/soft_landing: 0.0000
             Episode_Reward/stand_still: 0.0000
        Episode_Metrics/mean_action_acc: 0.0000
             Metrics/twist/error_vel_xy: 0.0000
            Metrics/twist/error_vel_yaw: 0.0000
           Episode_Termination/time_out: 0.0000
          Episode_Termination/fell_over: 0.0000
    Episode_Termination/illegal_contact: 0.0000
          Metrics/angular_momentum_mean: 0.2995
             Metrics/slip_velocity_mean: 0.5051
             Metrics/landing_force_mean: 117.8450
--------------------------------------------------------------------------------
                         Iteration time: 10.04s
                           Time elapsed: 00:00:10
                                    ETA: 05:34:32

################################################################################
[1m                           Learning iteration 1/2000                            [0m 

                               Run name: act-pos_pdt20ms_phyDt0p1ms_tauDec4
                            Total steps: 48 
                       Steps per second: 2 
                        Collection time: 8.499s 
                          Learning time: 0.127s 
                        Mean value loss: 5.1454
                    Mean surrogate loss: -0.1181
                      Mean entropy loss: 17.0214
                            Mean reward: -3.57
                    Mean episode length: 48.00
                        Mean action std: 1.00
   Episode_Reward/track_linear_velocity: 0.0011
  Episode_Reward/track_angular_velocity: 0.0009
     Episode_Reward/body_orientation_l2: -0.0000
                    Episode_Reward/pose: 0.0016
            Episode_Reward/body_ang_vel: -0.0004
        Episode_Reward/angular_momentum: -0.0000
           Episode_Reward/is_terminated: -0.0083
            Episode_Reward/joint_acc_l2: -0.0001
        Episode_Reward/joint_pos_limits: 0.0000
          Episode_Reward/action_rate_l2: -0.0023
               Episode_Reward/foot_gait: 0.0006
          Episode_Reward/foot_clearance: -0.0002
               Episode_Reward/foot_slip: -0.0001
            Episode_Reward/soft_landing: -0.0001
             Episode_Reward/stand_still: 0.0000
        Episode_Metrics/mean_action_acc: 0.0805
             Metrics/twist/error_vel_xy: 0.0013
            Metrics/twist/error_vel_yaw: 0.0024
           Episode_Termination/time_out: 0.0000
          Episode_Termination/fell_over: 0.0000
    Episode_Termination/illegal_contact: 0.0417
          Metrics/angular_momentum_mean: 0.4858
             Metrics/slip_velocity_mean: 0.2703
             Metrics/landing_force_mean: 31.7194
--------------------------------------------------------------------------------
                         Iteration time: 8.63s
                           Time elapsed: 00:00:18
                                    ETA: 05:10:48

################################################################################
[1m                           Learning iteration 2/2000                            [0m 

                               Run name: act-pos_pdt20ms_phyDt0p1ms_tauDec4
                            Total steps: 72 
                       Steps per second: 3 
                        Collection time: 7.816s 
                          Learning time: 0.117s 
                        Mean value loss: 0.0135
                    Mean surrogate loss: -0.0730
                      Mean entropy loss: 17.0229
                            Mean reward: -3.57
                    Mean episode length: 48.00
                        Mean action std: 1.00
   Episode_Reward/track_linear_velocity: 0.0258
  Episode_Reward/track_angular_velocity: 0.0218
     Episode_Reward/body_orientation_l2: -0.0006
                    Episode_Reward/pose: 0.0396
            Episode_Reward/body_ang_vel: -0.0091
        Episode_Reward/angular_momentum: -0.0002
           Episode_Reward/is_terminated: -0.2000
            Episode_Reward/joint_acc_l2: -0.0023
        Episode_Reward/joint_pos_limits: 0.0000
          Episode_Reward/action_rate_l2: -0.0557
               Episode_Reward/foot_gait: 0.0132
          Episode_Reward/foot_clearance: -0.0051
               Episode_Reward/foot_slip: -0.0033
            Episode_Reward/soft_landing: -0.0023
             Episode_Reward/stand_still: 0.0000
        Episode_Metrics/mean_action_acc: 1.9320
             Metrics/twist/error_vel_xy: 0.0321
            Metrics/twist/error_vel_yaw: 0.0576
           Episode_Termination/time_out: 0.0000
          Episode_Termination/fell_over: 0.0000
    Episode_Termination/illegal_contact: 1.0000
          Metrics/angular_momentum_mean: 0.2951
             Metrics/slip_velocity_mean: 0.0587
             Metrics/landing_force_mean: 0.0000
--------------------------------------------------------------------------------
                         Iteration time: 7.93s
                           Time elapsed: 00:00:26
                                    ETA: 04:55:06

################################################################################
[1m                           Learning iteration 3/2000                            [0m 

                               Run name: act-pos_pdt20ms_phyDt0p1ms_tauDec4
                            Total steps: 96 
                       Steps per second: 2 
                        Collection time: 7.937s 
                          Learning time: 0.150s 
                        Mean value loss: 1.7874
                    Mean surrogate loss: -0.0943
                      Mean entropy loss: 17.0215
                            Mean reward: -3.73
                    Mean episode length: 38.00
                        Mean action std: 1.00
   Episode_Reward/track_linear_velocity: 0.0136
  Episode_Reward/track_angular_velocity: 0.0157
     Episode_Reward/body_orientation_l2: -0.0008
                    Episode_Reward/pose: 0.0232
            Episode_Reward/body_ang_vel: -0.0078
        Episode_Reward/angular_momentum: -0.0001
           Episode_Reward/is_terminated: -0.2000
            Episode_Reward/joint_acc_l2: -0.0016
        Episode_Reward/joint_pos_limits: 0.0000
          Episode_Reward/action_rate_l2: -0.0362
               Episode_Reward/foot_gait: 0.0081
          Episode_Reward/foot_clearance: -0.0032
               Episode_Reward/foot_slip: -0.0020
            Episode_Reward/soft_landing: -0.0013
             Episode_Reward/stand_still: 0.0000
        Episode_Metrics/mean_action_acc: 1.9123
             Metrics/twist/error_vel_xy: 0.0301
            Metrics/twist/error_vel_yaw: 0.0241
           Episode_Termination/time_out: 0.0000
          Episode_Termination/fell_over: 0.0000
    Episode_Termination/illegal_contact: 1.0000
          Metrics/angular_momentum_mean: 0.1718
             Metrics/slip_velocity_mean: 0.2067
             Metrics/landing_force_mean: 0.0000
--------------------------------------------------------------------------------
                         Iteration time: 8.09s
                           Time elapsed: 00:00:34
                                    ETA: 04:48:28

################################################################################
[1m                           Learning iteration 4/2000                            [0m 

                               Run name: act-pos_pdt20ms_phyDt0p1ms_tauDec4
                            Total steps: 120 
                       Steps per second: 3 
                        Collection time: 7.334s 
                          Learning time: 0.124s 
                        Mean value loss: 4.1565
                    Mean surrogate loss: -0.0902
                      Mean entropy loss: 17.0181
                            Mean reward: -3.83
                    Mean episode length: 38.67
                        Mean action std: 1.00
   Episode_Reward/track_linear_velocity: 0.0095
  Episode_Reward/track_angular_velocity: 0.0142
     Episode_Reward/body_orientation_l2: -0.0007
                    Episode_Reward/pose: 0.0229
            Episode_Reward/body_ang_vel: -0.0071
        Episode_Reward/angular_momentum: -0.0002
           Episode_Reward/is_terminated: -0.2000
            Episode_Reward/joint_acc_l2: -0.0016
        Episode_Reward/joint_pos_limits: 0.0000
          Episode_Reward/action_rate_l2: -0.0350
               Episode_Reward/foot_gait: 0.0078
          Episode_Reward/foot_clearance: -0.0031
               Episode_Reward/foot_slip: -0.0018
            Episode_Reward/soft_landing: -0.0011
             Episode_Reward/stand_still: 0.0000
        Episode_Metrics/mean_action_acc: 1.8798
             Metrics/twist/error_vel_xy: 0.0448
            Metrics/twist/error_vel_yaw: 0.0342
           Episode_Termination/time_out: 0.0000
          Episode_Termination/fell_over: 0.0000
    Episode_Termination/illegal_contact: 1.0000
          Metrics/angular_momentum_mean: 0.1557
             Metrics/slip_velocity_mean: 0.1429
             Metrics/landing_force_mean: 8.2196
--------------------------------------------------------------------------------
                         Iteration time: 7.46s
                           Time elapsed: 00:00:42
                                    ETA: 04:40:15

################################################################################
[1m                           Learning iteration 5/2000                            [0m 

                               Run name: act-pos_pdt20ms_phyDt0p1ms_tauDec4
                            Total steps: 144 
                       Steps per second: 2 
                        Collection time: 10.514s 
                          Learning time: 0.154s 
                        Mean value loss: 0.0464
                    Mean surrogate loss: -0.0857
                      Mean entropy loss: 17.0175
                            Mean reward: -3.83
                    Mean episode length: 38.67
                        Mean action std: 1.00
   Episode_Reward/track_linear_velocity: 0.0005
  Episode_Reward/track_angular_velocity: 0.0118
     Episode_Reward/body_orientation_l2: -0.0004
                    Episode_Reward/pose: 0.0305
            Episode_Reward/body_ang_vel: -0.0048
        Episode_Reward/angular_momentum: -0.0002
           Episode_Reward/is_terminated: -0.2000
            Episode_Reward/joint_acc_l2: -0.0016
        Episode_Reward/joint_pos_limits: 0.0000
          Episode_Reward/action_rate_l2: -0.0409
               Episode_Reward/foot_gait: 0.0092
          Episode_Reward/foot_clearance: -0.0035
               Episode_Reward/foot_slip: -0.0018
            Episode_Reward/soft_landing: -0.0011
             Episode_Reward/stand_still: 0.0000
        Episode_Metrics/mean_action_acc: 1.7669
             Metrics/twist/error_vel_xy: 0.1021
            Metrics/twist/error_vel_yaw: 0.0909
           Episode_Termination/time_out: 0.0000
          Episode_Termination/fell_over: 0.0000
    Episode_Termination/illegal_contact: 1.0000
          Metrics/angular_momentum_mean: 0.3920
             Metrics/slip_velocity_mean: 0.2889
             Metrics/landing_force_mean: 0.0000
--------------------------------------------------------------------------------
                         Iteration time: 10.67s
                           Time elapsed: 00:00:52
                                    ETA: 04:52:31

################################################################################
[1m                           Learning iteration 6/2000                            [0m 

                               Run name: act-pos_pdt20ms_phyDt0p1ms_tauDec4
                            Total steps: 168 
                       Steps per second: 1 
                        Collection time: 12.077s 
                          Learning time: 0.168s 
                        Mean value loss: 0.4861
                    Mean surrogate loss: -0.0593
                      Mean entropy loss: 17.0165
                            Mean reward: -3.95
                    Mean episode length: 36.25
                        Mean action std: 1.00
   Episode_Reward/track_linear_velocity: 0.0021
  Episode_Reward/track_angular_velocity: 0.0063
     Episode_Reward/body_orientation_l2: -0.0002
                    Episode_Reward/pose: 0.0205
            Episode_Reward/body_ang_vel: -0.0049
        Episode_Reward/angular_momentum: -0.0001
           Episode_Reward/is_terminated: -0.2000
            Episode_Reward/joint_acc_l2: -0.0012
        Episode_Reward/joint_pos_limits: 0.0000
          Episode_Reward/action_rate_l2: -0.0382
               Episode_Reward/foot_gait: 0.0075
          Episode_Reward/foot_clearance: -0.0032
               Episode_Reward/foot_slip: -0.0027
            Episode_Reward/soft_landing: -0.0009
             Episode_Reward/stand_still: 0.0000
        Episode_Metrics/mean_action_acc: 2.0518
             Metrics/twist/error_vel_xy: 0.0517
            Metrics/twist/error_vel_yaw: 0.0618
           Episode_Termination/time_out: 0.0000
          Episode_Termination/fell_over: 0.0000
    Episode_Termination/illegal_contact: 1.0000
          Metrics/angular_momentum_mean: 0.1516
             Metrics/slip_velocity_mean: 0.0845
             Metrics/landing_force_mean: 0.0000
--------------------------------------------------------------------------------
                         Iteration time: 12.25s
                           Time elapsed: 00:01:05
                                    ETA: 05:08:43

################################################################################
[1m                           Learning iteration 7/2000                            [0m 

                               Run name: act-pos_pdt20ms_phyDt0p1ms_tauDec4
                            Total steps: 192 
                       Steps per second: 1 
                        Collection time: 11.802s 
                          Learning time: 0.206s 
                        Mean value loss: 3.1087
                    Mean surrogate loss: -0.1169
                      Mean entropy loss: 17.0171
                            Mean reward: -4.01
                    Mean episode length: 36.60
                        Mean action std: 1.00
   Episode_Reward/track_linear_velocity: 0.0042
  Episode_Reward/track_angular_velocity: 0.0100
     Episode_Reward/body_orientation_l2: -0.0013
                    Episode_Reward/pose: 0.0229
            Episode_Reward/body_ang_vel: -0.0058
        Episode_Reward/angular_momentum: -0.0001
           Episode_Reward/is_terminated: -0.2000
            Episode_Reward/joint_acc_l2: -0.0017
        Episode_Reward/joint_pos_limits: 0.0000
          Episode_Reward/action_rate_l2: -0.0429
               Episode_Reward/foot_gait: 0.0074
          Episode_Reward/foot_clearance: -0.0037
               Episode_Reward/foot_slip: -0.0025
            Episode_Reward/soft_landing: -0.0011
             Episode_Reward/stand_still: 0.0000
        Episode_Metrics/mean_action_acc: 2.0307
             Metrics/twist/error_vel_xy: 0.0531
            Metrics/twist/error_vel_yaw: 0.0570
           Episode_Termination/time_out: 0.0000
          Episode_Termination/fell_over: 0.0000
    Episode_Termination/illegal_contact: 1.0000
          Metrics/angular_momentum_mean: 0.3686
             Metrics/slip_velocity_mean: 0.1145
             Metrics/landing_force_mean: 0.0000
--------------------------------------------------------------------------------
                         Iteration time: 12.01s
                           Time elapsed: 00:01:17
                                    ETA: 05:19:49

################################################################################
[1m                           Learning iteration 8/2000                            [0m 

                               Run name: act-pos_pdt20ms_phyDt0p1ms_tauDec4
                            Total steps: 216 
                       Steps per second: 1 
                        Collection time: 12.628s 
                          Learning time: 0.188s 
                        Mean value loss: 3.3336
                    Mean surrogate loss: -0.0948
                      Mean entropy loss: 17.0197
                            Mean reward: -4.03
                    Mean episode length: 35.17
                        Mean action std: 1.00
   Episode_Reward/track_linear_velocity: 0.0055
  Episode_Reward/track_angular_velocity: 0.0147
     Episode_Reward/body_orientation_l2: -0.0022
                    Episode_Reward/pose: 0.0252
            Episode_Reward/body_ang_vel: -0.0066
        Episode_Reward/angular_momentum: -0.0002
           Episode_Reward/is_terminated: -0.2000
            Episode_Reward/joint_acc_l2: -0.0021
        Episode_Reward/joint_pos_limits: 0.0000
          Episode_Reward/action_rate_l2: -0.0457
               Episode_Reward/foot_gait: 0.0072
          Episode_Reward/foot_clearance: -0.0040
               Episode_Reward/foot_slip: -0.0022
            Episode_Reward/soft_landing: -0.0014
             Episode_Reward/stand_still: 0.0000
        Episode_Metrics/mean_action_acc: 1.9826
             Metrics/twist/error_vel_xy: 0.0583
            Metrics/twist/error_vel_yaw: 0.0453
           Episode_Termination/time_out: 0.0000
          Episode_Termination/fell_over: 0.0000
    Episode_Termination/illegal_contact: 1.0000
          Metrics/angular_momentum_mean: 0.0865
             Metrics/slip_velocity_mean: 0.2334
             Metrics/landing_force_mean: 51.0051
--------------------------------------------------------------------------------
                         Iteration time: 12.82s
                           Time elapsed: 00:01:29
                                    ETA: 05:31:24

################################################################################
[1m                           Learning iteration 9/2000                            [0m 

                               Run name: act-pos_pdt20ms_phyDt0p1ms_tauDec4
                            Total steps: 240 
                       Steps per second: 2 
                        Collection time: 8.108s 
                          Learning time: 0.156s 
                        Mean value loss: 0.1204
                    Mean surrogate loss: -0.1221
                      Mean entropy loss: 17.0233
                            Mean reward: -4.03
                    Mean episode length: 35.17
                        Mean action std: 1.00
   Episode_Reward/track_linear_velocity: 0.0004
  Episode_Reward/track_angular_velocity: 0.0137
     Episode_Reward/body_orientation_l2: -0.0005
                    Episode_Reward/pose: 0.0219
            Episode_Reward/body_ang_vel: -0.0055
        Episode_Reward/angular_momentum: -0.0001
           Episode_Reward/is_terminated: -0.2000
            Episode_Reward/joint_acc_l2: -0.0015
        Episode_Reward/joint_pos_limits: 0.0000
          Episode_Reward/action_rate_l2: -0.0344
               Episode_Reward/foot_gait: 0.0068
          Episode_Reward/foot_clearance: -0.0034
               Episode_Reward/foot_slip: -0.0023
            Episode_Reward/soft_landing: -0.0015
             Episode_Reward/stand_still: 0.0000
        Episode_Metrics/mean_action_acc: 1.9270
             Metrics/twist/error_vel_xy: 0.0679
            Metrics/twist/error_vel_yaw: 0.0302
           Episode_Termination/time_out: 0.0000
          Episode_Termination/fell_over: 0.0000
    Episode_Termination/illegal_contact: 1.0000
          Metrics/angular_momentum_mean: 0.5959
             Metrics/slip_velocity_mean: 0.1781
             Metrics/landing_force_mean: 0.0000
--------------------------------------------------------------------------------
                         Iteration time: 8.26s
                           Time elapsed: 00:01:38
                                    ETA: 05:25:31

################################################################################
[1m                           Learning iteration 10/2000                           [0m 

                               Run name: act-pos_pdt20ms_phyDt0p1ms_tauDec4
                            Total steps: 264 
                       Steps per second: 2 
                        Collection time: 11.251s 
                          Learning time: 0.132s 
                        Mean value loss: 2.8176
                    Mean surrogate loss: -0.1047
                      Mean entropy loss: 17.0274
                            Mean reward: -4.05
                    Mean episode length: 36.71
                        Mean action std: 1.00
   Episode_Reward/track_linear_velocity: 0.0008
  Episode_Reward/track_angular_velocity: 0.0144
     Episode_Reward/body_orientation_l2: -0.0004
                    Episode_Reward/pose: 0.0265
            Episode_Reward/body_ang_vel: -0.0061
        Episode_Reward/angular_momentum: -0.0002
           Episode_Reward/is_terminated: -0.2000
            Episode_Reward/joint_acc_l2: -0.0016
        Episode_Reward/joint_pos_limits: 0.0000
          Episode_Reward/action_rate_l2: -0.0412
               Episode_Reward/foot_gait: 0.0086
          Episode_Reward/foot_clearance: -0.0038
               Episode_Reward/foot_slip: -0.0025
            Episode_Reward/soft_landing: -0.0015
             Episode_Reward/stand_still: 0.0000
        Episode_Metrics/mean_action_acc: 1.9230
             Metrics/twist/error_vel_xy: 0.0778
            Metrics/twist/error_vel_yaw: 0.0483
           Episode_Termination/time_out: 0.0000
          Episode_Termination/fell_over: 0.0000
    Episode_Termination/illegal_contact: 1.0000
          Metrics/angular_momentum_mean: 0.2970
             Metrics/slip_velocity_mean: 0.2062
             Metrics/landing_force_mean: 0.0000
--------------------------------------------------------------------------------
                         Iteration time: 11.38s
                           Time elapsed: 00:01:49
                                    ETA: 05:30:04

################################################################################
[1m                           Learning iteration 11/2000                           [0m 

                               Run name: act-pos_pdt20ms_phyDt0p1ms_tauDec4
                            Total steps: 288 
                       Steps per second: 2 
                        Collection time: 8.027s 
                          Learning time: 0.101s 
                        Mean value loss: 0.0564
                    Mean surrogate loss: -0.0987
                      Mean entropy loss: 17.0301
                            Mean reward: -4.05
                    Mean episode length: 36.71
                        Mean action std: 1.00
   Episode_Reward/track_linear_velocity: 0.0017
  Episode_Reward/track_angular_velocity: 0.0158
     Episode_Reward/body_orientation_l2: -0.0004
                    Episode_Reward/pose: 0.0357
            Episode_Reward/body_ang_vel: -0.0075
        Episode_Reward/angular_momentum: -0.0003
           Episode_Reward/is_terminated: -0.2000
            Episode_Reward/joint_acc_l2: -0.0020
        Episode_Reward/joint_pos_limits: 0.0000
          Episode_Reward/action_rate_l2: -0.0549
               Episode_Reward/foot_gait: 0.0124
          Episode_Reward/foot_clearance: -0.0048
               Episode_Reward/foot_slip: -0.0028
            Episode_Reward/soft_landing: -0.0015
             Episode_Reward/stand_still: 0.0000
        Episode_Metrics/mean_action_acc: 1.9151
             Metrics/twist/error_vel_xy: 0.0975
            Metrics/twist/error_vel_yaw: 0.0845
           Episode_Termination/time_out: 0.0000
          Episode_Termination/fell_over: 0.0000
    Episode_Termination/illegal_contact: 1.0000
          Metrics/angular_momentum_mean: 0.4918
             Metrics/slip_velocity_mean: 0.3276
             Metrics/landing_force_mean: 91.4714
--------------------------------------------------------------------------------
                         Iteration time: 8.13s
                           Time elapsed: 00:01:57
                                    ETA: 05:24:52

################################################################################
[1m                           Learning iteration 12/2000                           [0m 

                               Run name: act-pos_pdt20ms_phyDt0p1ms_tauDec4
                            Total steps: 312 
                       Steps per second: 3 
                        Collection time: 7.183s 
                          Learning time: 0.106s 
                        Mean value loss: 0.0747
                    Mean surrogate loss: -0.1060
                      Mean entropy loss: 17.0301
                            Mean reward: -4.05
                    Mean episode length: 36.71
                        Mean action std: 1.00
   Episode_Reward/track_linear_velocity: 0.0017
  Episode_Reward/track_angular_velocity: 0.0158
     Episode_Reward/body_orientation_l2: -0.0004
                    Episode_Reward/pose: 0.0357
            Episode_Reward/body_ang_vel: -0.0075
        Episode_Reward/angular_momentum: -0.0003
           Episode_Reward/is_terminated: -0.2000
            Episode_Reward/joint_acc_l2: -0.0020
        Episode_Reward/joint_pos_limits: 0.0000
          Episode_Reward/action_rate_l2: -0.0549
               Episode_Reward/foot_gait: 0.0124
          Episode_Reward/foot_clearance: -0.0048
               Episode_Reward/foot_slip: -0.0028
            Episode_Reward/soft_landing: -0.0015
             Episode_Reward/stand_still: 0.0000
        Episode_Metrics/mean_action_acc: 1.9151
             Metrics/twist/error_vel_xy: 0.0975
            Metrics/twist/error_vel_yaw: 0.0845
           Episode_Termination/time_out: 0.0000
          Episode_Termination/fell_over: 0.0000
    Episode_Termination/illegal_contact: 1.0000
          Metrics/angular_momentum_mean: 0.2986
             Metrics/slip_velocity_mean: 0.1437
             Metrics/landing_force_mean: 0.0000
--------------------------------------------------------------------------------
                         Iteration time: 7.29s
                           Time elapsed: 00:02:04
                                    ETA: 05:18:17

################################################################################
[1m                           Learning iteration 13/2000                           [0m 

                               Run name: act-pos_pdt20ms_phyDt0p1ms_tauDec4
                            Total steps: 336 
                       Steps per second: 3 
                        Collection time: 7.490s 
                          Learning time: 0.097s 
                        Mean value loss: 0.1242
                    Mean surrogate loss: -0.1123
                      Mean entropy loss: 17.0296
                            Mean reward: -4.05
                    Mean episode length: 36.71
                        Mean action std: 1.00
   Episode_Reward/track_linear_velocity: 0.0017
  Episode_Reward/track_angular_velocity: 0.0158
     Episode_Reward/body_orientation_l2: -0.0004
                    Episode_Reward/pose: 0.0357
            Episode_Reward/body_ang_vel: -0.0075
        Episode_Reward/angular_momentum: -0.0003
           Episode_Reward/is_terminated: -0.2000
            Episode_Reward/joint_acc_l2: -0.0020
        Episode_Reward/joint_pos_limits: 0.0000
          Episode_Reward/action_rate_l2: -0.0549
               Episode_Reward/foot_gait: 0.0124
          Episode_Reward/foot_clearance: -0.0048
               Episode_Reward/foot_slip: -0.0028
            Episode_Reward/soft_landing: -0.0015
             Episode_Reward/stand_still: 0.0000
        Episode_Metrics/mean_action_acc: 1.9151
             Metrics/twist/error_vel_xy: 0.0975
            Metrics/twist/error_vel_yaw: 0.0845
           Episode_Termination/time_out: 0.0000
          Episode_Termination/fell_over: 0.0000
    Episode_Termination/illegal_contact: 1.0000
          Metrics/angular_momentum_mean: 0.1690
             Metrics/slip_velocity_mean: 0.2297
             Metrics/landing_force_mean: 0.0000
--------------------------------------------------------------------------------
                         Iteration time: 7.59s
                           Time elapsed: 00:02:12
                                    ETA: 05:13:20

################################################################################
[1m                           Learning iteration 14/2000                           [0m 

                               Run name: act-pos_pdt20ms_phyDt0p1ms_tauDec4
                            Total steps: 360 
                       Steps per second: 2 
                        Collection time: 10.012s 
                          Learning time: 0.117s 
                        Mean value loss: 2.4601
                    Mean surrogate loss: -0.1055
                      Mean entropy loss: 17.0313
                            Mean reward: -3.99
                    Mean episode length: 44.50
                        Mean action std: 1.00
   Episode_Reward/track_linear_velocity: 0.0139
  Episode_Reward/track_angular_velocity: 0.0203
     Episode_Reward/body_orientation_l2: -0.0005
                    Episode_Reward/pose: 0.0440
            Episode_Reward/body_ang_vel: -0.0100
        Episode_Reward/angular_momentum: -0.0003
           Episode_Reward/is_terminated: -0.2000
            Episode_Reward/joint_acc_l2: -0.0026
        Episode_Reward/joint_pos_limits: 0.0000
          Episode_Reward/action_rate_l2: -0.0691
               Episode_Reward/foot_gait: 0.0150
          Episode_Reward/foot_clearance: -0.0062
               Episode_Reward/foot_slip: -0.0041
            Episode_Reward/soft_landing: -0.0020
             Episode_Reward/stand_still: 0.0000
        Episode_Metrics/mean_action_acc: 1.9273
             Metrics/twist/error_vel_xy: 0.0915
            Metrics/twist/error_vel_yaw: 0.0990
           Episode_Termination/time_out: 0.0000
          Episode_Termination/fell_over: 0.0000
    Episode_Termination/illegal_contact: 1.0000
          Metrics/angular_momentum_mean: 0.3163
             Metrics/slip_velocity_mean: 0.2123
             Metrics/landing_force_mean: 0.0000
--------------------------------------------------------------------------------
                         Iteration time: 10.13s
                           Time elapsed: 00:02:22
                                    ETA: 05:14:38

################################################################################
[1m                           Learning iteration 15/2000                           [0m 

                               Run name: act-pos_pdt20ms_phyDt0p1ms_tauDec4
                            Total steps: 384 
                       Steps per second: 2 
                        Collection time: 7.978s 
                          Learning time: 0.121s 
                        Mean value loss: 0.1350
                    Mean surrogate loss: -0.1107
                      Mean entropy loss: 17.0333
                            Mean reward: -3.99
                    Mean episode length: 44.50
                        Mean action std: 1.00
   Episode_Reward/track_linear_velocity: 0.0602
  Episode_Reward/track_angular_velocity: 0.0372
     Episode_Reward/body_orientation_l2: -0.0007
                    Episode_Reward/pose: 0.0758
            Episode_Reward/body_ang_vel: -0.0196
        Episode_Reward/angular_momentum: -0.0005
           Episode_Reward/is_terminated: -0.2000
            Episode_Reward/joint_acc_l2: -0.0050
        Episode_Reward/joint_pos_limits: 0.0000
          Episode_Reward/action_rate_l2: -0.1231
               Episode_Reward/foot_gait: 0.0249
          Episode_Reward/foot_clearance: -0.0118
               Episode_Reward/foot_slip: -0.0090
            Episode_Reward/soft_landing: -0.0042
             Episode_Reward/stand_still: 0.0000
        Episode_Metrics/mean_action_acc: 1.9739
             Metrics/twist/error_vel_xy: 0.0685
            Metrics/twist/error_vel_yaw: 0.1539
           Episode_Termination/time_out: 0.0000
          Episode_Termination/fell_over: 0.0000
    Episode_Termination/illegal_contact: 1.0000
          Metrics/angular_momentum_mean: 0.3301
             Metrics/slip_velocity_mean: 0.0488
             Metrics/landing_force_mean: 0.0000
--------------------------------------------------------------------------------
                         Iteration time: 8.10s
                           Time elapsed: 00:02:30
                                    ETA: 05:11:34

################################################################################
[1m                           Learning iteration 16/2000                           [0m 

                               Run name: act-pos_pdt20ms_phyDt0p1ms_tauDec4
                            Total steps: 408 
                       Steps per second: 1 
                        Collection time: 12.891s 
                          Learning time: 0.214s 
                        Mean value loss: 0.0908
                    Mean surrogate loss: -0.1084
                      Mean entropy loss: 17.0343
                            Mean reward: -3.99
                    Mean episode length: 44.50
                        Mean action std: 1.00
   Episode_Reward/track_linear_velocity: 0.0602
  Episode_Reward/track_angular_velocity: 0.0372
     Episode_Reward/body_orientation_l2: -0.0007
                    Episode_Reward/pose: 0.0758
            Episode_Reward/body_ang_vel: -0.0196
        Episode_Reward/angular_momentum: -0.0005
           Episode_Reward/is_terminated: -0.2000
            Episode_Reward/joint_acc_l2: -0.0050
        Episode_Reward/joint_pos_limits: 0.0000
          Episode_Reward/action_rate_l2: -0.1231
               Episode_Reward/foot_gait: 0.0249
          Episode_Reward/foot_clearance: -0.0118
               Episode_Reward/foot_slip: -0.0090
            Episode_Reward/soft_landing: -0.0042
             Episode_Reward/stand_still: 0.0000
        Episode_Metrics/mean_action_acc: 1.9739
             Metrics/twist/error_vel_xy: 0.0685
            Metrics/twist/error_vel_yaw: 0.1539
           Episode_Termination/time_out: 0.0000
          Episode_Termination/fell_over: 0.0000
    Episode_Termination/illegal_contact: 1.0000
          Metrics/angular_momentum_mean: 0.3709
             Metrics/slip_velocity_mean: 0.0831
             Metrics/landing_force_mean: 0.0000
--------------------------------------------------------------------------------
                         Iteration time: 13.11s
                           Time elapsed: 00:02:43
                                    ETA: 05:18:34

################################################################################
[1m                           Learning iteration 17/2000                           [0m 

                               Run name: act-pos_pdt20ms_phyDt0p1ms_tauDec4
                            Total steps: 432 
                       Steps per second: 1 
                        Collection time: 12.479s 
                          Learning time: 0.218s 
                        Mean value loss: 1.5305
                    Mean surrogate loss: -0.1214
                      Mean entropy loss: 17.0344
                            Mean reward: -3.98
                    Mean episode length: 46.67
                        Mean action std: 1.00
   Episode_Reward/track_linear_velocity: 0.0448
  Episode_Reward/track_angular_velocity: 0.0285
     Episode_Reward/body_orientation_l2: -0.0013
                    Episode_Reward/pose: 0.0595
            Episode_Reward/body_ang_vel: -0.0151
        Episode_Reward/angular_momentum: -0.0005
           Episode_Reward/is_terminated: -0.2000
            Episode_Reward/joint_acc_l2: -0.0043
        Episode_Reward/joint_pos_limits: 0.0000
          Episode_Reward/action_rate_l2: -0.0980
               Episode_Reward/foot_gait: 0.0211
          Episode_Reward/foot_clearance: -0.0096
               Episode_Reward/foot_slip: -0.0075
            Episode_Reward/soft_landing: -0.0036
             Episode_Reward/stand_still: 0.0000
        Episode_Metrics/mean_action_acc: 1.9198
             Metrics/twist/error_vel_xy: 0.0596
            Metrics/twist/error_vel_yaw: 0.1352
           Episode_Termination/time_out: 0.0000
          Episode_Termination/fell_over: 0.0000
    Episode_Termination/illegal_contact: 1.0000
          Metrics/angular_momentum_mean: 0.2308
             Metrics/slip_velocity_mean: 0.1455
             Metrics/landing_force_mean: 95.9012
--------------------------------------------------------------------------------
                         Iteration time: 12.70s
                           Time elapsed: 00:02:56
                                    ETA: 05:24:01

################################################################################
[1m                           Learning iteration 18/2000                           [0m 

                               Run name: act-pos_pdt20ms_phyDt0p1ms_tauDec4
                            Total steps: 456 
                       Steps per second: 1 
                        Collection time: 13.727s 
                          Learning time: 0.187s 
                        Mean value loss: 1.4377
                    Mean surrogate loss: -0.1124
                      Mean entropy loss: 17.0347
                            Mean reward: -3.98
                    Mean episode length: 44.90
                        Mean action std: 1.00
   Episode_Reward/track_linear_velocity: 0.0212
  Episode_Reward/track_angular_velocity: 0.0179
     Episode_Reward/body_orientation_l2: -0.0014
                    Episode_Reward/pose: 0.0382
            Episode_Reward/body_ang_vel: -0.0091
        Episode_Reward/angular_momentum: -0.0004
           Episode_Reward/is_terminated: -0.2000
            Episode_Reward/joint_acc_l2: -0.0029
        Episode_Reward/joint_pos_limits: 0.0000
          Episode_Reward/action_rate_l2: -0.0611
               Episode_Reward/foot_gait: 0.0142
          Episode_Reward/foot_clearance: -0.0063
               Episode_Reward/foot_slip: -0.0049
            Episode_Reward/soft_landing: -0.0025
             Episode_Reward/stand_still: 0.0000
        Episode_Metrics/mean_action_acc: 1.8427
             Metrics/twist/error_vel_xy: 0.0642
            Metrics/twist/error_vel_yaw: 0.0945
           Episode_Termination/time_out: 0.0000
          Episode_Termination/fell_over: 0.0000
    Episode_Termination/illegal_contact: 1.0000
          Metrics/angular_momentum_mean: 0.4721
             Metrics/slip_velocity_mean: 0.3328
             Metrics/landing_force_mean: 87.4295
--------------------------------------------------------------------------------
                         Iteration time: 13.91s
                           Time elapsed: 00:03:10
                                    ETA: 05:30:59

################################################################################
[1m                           Learning iteration 19/2000                           [0m 

                               Run name: act-pos_pdt20ms_phyDt0p1ms_tauDec4
                            Total steps: 480 
                       Steps per second: 1 
                        Collection time: 13.178s 
                          Learning time: 0.234s 
                        Mean value loss: 0.4941
                    Mean surrogate loss: -0.0853
                      Mean entropy loss: 17.0357
                            Mean reward: -3.98
                    Mean episode length: 44.90
                        Mean action std: 1.00
   Episode_Reward/track_linear_velocity: 0.0002
  Episode_Reward/track_angular_velocity: 0.0117
     Episode_Reward/body_orientation_l2: -0.0004
                    Episode_Reward/pose: 0.0233
            Episode_Reward/body_ang_vel: -0.0049
        Episode_Reward/angular_momentum: -0.0002
           Episode_Reward/is_terminated: -0.2000
            Episode_Reward/joint_acc_l2: -0.0015
        Episode_Reward/joint_pos_limits: 0.0000
          Episode_Reward/action_rate_l2: -0.0301
               Episode_Reward/foot_gait: 0.0068
          Episode_Reward/foot_clearance: -0.0032
               Episode_Reward/foot_slip: -0.0023
            Episode_Reward/soft_landing: -0.0011
             Episode_Reward/stand_still: 0.0000
        Episode_Metrics/mean_action_acc: 1.7802
             Metrics/twist/error_vel_xy: 0.0883
            Metrics/twist/error_vel_yaw: 0.0447
           Episode_Termination/time_out: 0.0000
          Episode_Termination/fell_over: 0.0000
    Episode_Termination/illegal_contact: 1.0000
          Metrics/angular_momentum_mean: 0.2176
             Metrics/slip_velocity_mean: 0.0748
             Metrics/landing_force_mean: 0.0000
--------------------------------------------------------------------------------
                         Iteration time: 13.41s
                           Time elapsed: 00:03:23
                                    ETA: 05:36:24

################################################################################
[1m                           Learning iteration 20/2000                           [0m 

                               Run name: act-pos_pdt20ms_phyDt0p1ms_tauDec4
                            Total steps: 504 
                       Steps per second: 1 
                        Collection time: 13.154s 
                          Learning time: 0.167s 
                        Mean value loss: 0.7103
                    Mean surrogate loss: -0.1240
                      Mean entropy loss: 17.0351
                            Mean reward: -4.01
                    Mean episode length: 44.36
                        Mean action std: 1.00
   Episode_Reward/track_linear_velocity: 0.0017
  Episode_Reward/track_angular_velocity: 0.0142
     Episode_Reward/body_orientation_l2: -0.0006
                    Episode_Reward/pose: 0.0277
            Episode_Reward/body_ang_vel: -0.0057
        Episode_Reward/angular_momentum: -0.0002
           Episode_Reward/is_terminated: -0.2000
            Episode_Reward/joint_acc_l2: -0.0020
        Episode_Reward/joint_pos_limits: 0.0000
          Episode_Reward/action_rate_l2: -0.0455
               Episode_Reward/foot_gait: 0.0094
          Episode_Reward/foot_clearance: -0.0041
               Episode_Reward/foot_slip: -0.0025
            Episode_Reward/soft_landing: -0.0017
             Episode_Reward/stand_still: 0.0000
        Episode_Metrics/mean_action_acc: 1.9617
             Metrics/twist/error_vel_xy: 0.0804
            Metrics/twist/error_vel_yaw: 0.0543
           Episode_Termination/time_out: 0.0000
          Episode_Termination/fell_over: 0.0000
    Episode_Termination/illegal_contact: 1.0000
          Metrics/angular_momentum_mean: 0.4390
             Metrics/slip_velocity_mean: 0.1014
             Metrics/landing_force_mean: 0.0000
--------------------------------------------------------------------------------
                         Iteration time: 13.32s
                           Time elapsed: 00:03:37
                                    ETA: 05:41:09

################################################################################
[1m                           Learning iteration 21/2000                           [0m 

                               Run name: act-pos_pdt20ms_phyDt0p1ms_tauDec4
                            Total steps: 528 
                       Steps per second: 1 
                        Collection time: 11.958s 
                          Learning time: 0.141s 
                        Mean value loss: 1.7171
                    Mean surrogate loss: -0.1132
                      Mean entropy loss: 17.0337
                            Mean reward: -4.02
                    Mean episode length: 42.58
                        Mean action std: 1.00
   Episode_Reward/track_linear_velocity: 0.0007
  Episode_Reward/track_angular_velocity: 0.0114
     Episode_Reward/body_orientation_l2: -0.0013
                    Episode_Reward/pose: 0.0212
            Episode_Reward/body_ang_vel: -0.0044
        Episode_Reward/angular_momentum: -0.0002
           Episode_Reward/is_terminated: -0.2000
            Episode_Reward/joint_acc_l2: -0.0015
        Episode_Reward/joint_pos_limits: 0.0000
          Episode_Reward/action_rate_l2: -0.0359
               Episode_Reward/foot_gait: 0.0064
          Episode_Reward/foot_clearance: -0.0031
               Episode_Reward/foot_slip: -0.0018
            Episode_Reward/soft_landing: -0.0012
             Episode_Reward/stand_still: 0.0000
        Episode_Metrics/mean_action_acc: 2.0219
             Metrics/twist/error_vel_xy: 0.0639
            Metrics/twist/error_vel_yaw: 0.0398
           Episode_Termination/time_out: 0.0000
          Episode_Termination/fell_over: 0.0000
    Episode_Termination/illegal_contact: 1.0000
          Metrics/angular_momentum_mean: 0.6613
             Metrics/slip_velocity_mean: 0.2701
             Metrics/landing_force_mean: 0.0000
--------------------------------------------------------------------------------
                         Iteration time: 12.10s
                           Time elapsed: 00:03:49
                                    ETA: 05:43:36

################################################################################
[1m                           Learning iteration 22/2000                           [0m 

                               Run name: act-pos_pdt20ms_phyDt0p1ms_tauDec4
                            Total steps: 552 
                       Steps per second: 2 
                        Collection time: 10.069s 
                          Learning time: 0.115s 
                        Mean value loss: 0.1480
                    Mean surrogate loss: -0.1123
                      Mean entropy loss: 17.0312
                            Mean reward: -4.02
                    Mean episode length: 42.58
                        Mean action std: 1.00
   Episode_Reward/track_linear_velocity: 0.0002
  Episode_Reward/track_angular_velocity: 0.0101
     Episode_Reward/body_orientation_l2: -0.0014
                    Episode_Reward/pose: 0.0185
            Episode_Reward/body_ang_vel: -0.0039
        Episode_Reward/angular_momentum: -0.0001
           Episode_Reward/is_terminated: -0.2000
            Episode_Reward/joint_acc_l2: -0.0013
        Episode_Reward/joint_pos_limits: 0.0000
          Episode_Reward/action_rate_l2: -0.0306
               Episode_Reward/foot_gait: 0.0050
          Episode_Reward/foot_clearance: -0.0026
               Episode_Reward/foot_slip: -0.0016
            Episode_Reward/soft_landing: -0.0010
             Episode_Reward/stand_still: 0.0000
        Episode_Metrics/mean_action_acc: 2.0170
             Metrics/twist/error_vel_xy: 0.0595
            Metrics/twist/error_vel_yaw: 0.0337
           Episode_Termination/time_out: 0.0000
          Episode_Termination/fell_over: 0.0000
    Episode_Termination/illegal_contact: 1.0000
          Metrics/angular_momentum_mean: 0.3778
             Metrics/slip_velocity_mean: 0.1195
             Metrics/landing_force_mean: 89.4287
--------------------------------------------------------------------------------
                         Iteration time: 10.18s
                           Time elapsed: 00:03:59
                                    ETA: 05:43:05

################################################################################
[1m                           Learning iteration 23/2000                           [0m 

                               Run name: act-pos_pdt20ms_phyDt0p1ms_tauDec4
                            Total steps: 576 
                       Steps per second: 1 
                        Collection time: 13.561s 
                          Learning time: 0.213s 
                        Mean value loss: 0.2945
                    Mean surrogate loss: -0.0989
                      Mean entropy loss: 17.0300
                            Mean reward: -4.00
                    Mean episode length: 42.69
                        Mean action std: 1.00
   Episode_Reward/track_linear_velocity: 0.0237
  Episode_Reward/track_angular_velocity: 0.0200
     Episode_Reward/body_orientation_l2: -0.0010
                    Episode_Reward/pose: 0.0343
            Episode_Reward/body_ang_vel: -0.0093
        Episode_Reward/angular_momentum: -0.0002
           Episode_Reward/is_terminated: -0.2000
            Episode_Reward/joint_acc_l2: -0.0022
        Episode_Reward/joint_pos_limits: 0.0000
          Episode_Reward/action_rate_l2: -0.0552
               Episode_Reward/foot_gait: 0.0100
          Episode_Reward/foot_clearance: -0.0044
               Episode_Reward/foot_slip: -0.0021
            Episode_Reward/soft_landing: -0.0016
             Episode_Reward/stand_still: 0.0000
        Episode_Metrics/mean_action_acc: 2.0182
             Metrics/twist/error_vel_xy: 0.0202
            Metrics/twist/error_vel_yaw: 0.0454
           Episode_Termination/time_out: 0.0000
          Episode_Termination/fell_over: 0.0000
    Episode_Termination/illegal_contact: 1.0000
          Metrics/angular_momentum_mean: 0.5018
             Metrics/slip_velocity_mean: 0.0678
             Metrics/landing_force_mean: 0.0000
--------------------------------------------------------------------------------
                         Iteration time: 13.77s
                           Time elapsed: 00:04:13
                                    ETA: 05:47:32

################################################################################
[1m                           Learning iteration 24/2000                           [0m 

                               Run name: act-pos_pdt20ms_phyDt0p1ms_tauDec4
                            Total steps: 600 
                       Steps per second: 1 
                        Collection time: 12.435s 
                          Learning time: 0.138s 
                        Mean value loss: 0.1522
                    Mean surrogate loss: -0.1028
                      Mean entropy loss: 17.0310
                            Mean reward: -4.00
                    Mean episode length: 42.69
                        Mean action std: 1.00
   Episode_Reward/track_linear_velocity: 0.0259
  Episode_Reward/track_angular_velocity: 0.0209
     Episode_Reward/body_orientation_l2: -0.0009
                    Episode_Reward/pose: 0.0358
            Episode_Reward/body_ang_vel: -0.0097
        Episode_Reward/angular_momentum: -0.0003
           Episode_Reward/is_terminated: -0.2000
            Episode_Reward/joint_acc_l2: -0.0023
        Episode_Reward/joint_pos_limits: 0.0000
          Episode_Reward/action_rate_l2: -0.0574
               Episode_Reward/foot_gait: 0.0105
          Episode_Reward/foot_clearance: -0.0046
               Episode_Reward/foot_slip: -0.0022
            Episode_Reward/soft_landing: -0.0017
             Episode_Reward/stand_still: 0.0000
        Episode_Metrics/mean_action_acc: 2.0183
             Metrics/twist/error_vel_xy: 0.0166
            Metrics/twist/error_vel_yaw: 0.0464
           Episode_Termination/time_out: 0.0000
          Episode_Termination/fell_over: 0.0000
    Episode_Termination/illegal_contact: 1.0000
          Metrics/angular_momentum_mean: 0.2381
             Metrics/slip_velocity_mean: 0.1820
             Metrics/landing_force_mean: 0.0000
--------------------------------------------------------------------------------
                         Iteration time: 12.57s
                           Time elapsed: 00:04:25
                                    ETA: 05:50:01

################################################################################
[1m                           Learning iteration 25/2000                           [0m 

                               Run name: act-pos_pdt20ms_phyDt0p1ms_tauDec4
                            Total steps: 624 
                       Steps per second: 1 
                        Collection time: 12.333s 
                          Learning time: 0.187s 
                        Mean value loss: 0.2627
                    Mean surrogate loss: -0.1008
                      Mean entropy loss: 17.0317
                            Mean reward: -4.00
                    Mean episode length: 42.69
                        Mean action std: 1.00
   Episode_Reward/track_linear_velocity: 0.0259
  Episode_Reward/track_angular_velocity: 0.0209
     Episode_Reward/body_orientation_l2: -0.0009
                    Episode_Reward/pose: 0.0358
            Episode_Reward/body_ang_vel: -0.0097
        Episode_Reward/angular_momentum: -0.0003
           Episode_Reward/is_terminated: -0.2000
            Episode_Reward/joint_acc_l2: -0.0023
        Episode_Reward/joint_pos_limits: 0.0000
          Episode_Reward/action_rate_l2: -0.0574
               Episode_Reward/foot_gait: 0.0105
          Episode_Reward/foot_clearance: -0.0046
               Episode_Reward/foot_slip: -0.0022
            Episode_Reward/soft_landing: -0.0017
             Episode_Reward/stand_still: 0.0000
        Episode_Metrics/mean_action_acc: 2.0183
             Metrics/twist/error_vel_xy: 0.0166
            Metrics/twist/error_vel_yaw: 0.0464
           Episode_Termination/time_out: 0.0000
          Episode_Termination/fell_over: 0.0000
    Episode_Termination/illegal_contact: 1.0000
          Metrics/angular_momentum_mean: 0.3069
             Metrics/slip_velocity_mean: 0.1795
             Metrics/landing_force_mean: 43.3810
--------------------------------------------------------------------------------
                         Iteration time: 12.52s
                           Time elapsed: 00:04:38
                                    ETA: 05:52:13

################################################################################
[1m                           Learning iteration 26/2000                           [0m 

                               Run name: act-pos_pdt20ms_phyDt0p1ms_tauDec4
                            Total steps: 648 
                       Steps per second: 2 
                        Collection time: 11.274s 
                          Learning time: 0.210s 
                        Mean value loss: 0.0259
                    Mean surrogate loss: -0.1017
                      Mean entropy loss: 17.0327
                            Mean reward: -4.00
                    Mean episode length: 42.69
                        Mean action std: 1.00
   Episode_Reward/track_linear_velocity: 0.0259
  Episode_Reward/track_angular_velocity: 0.0209
     Episode_Reward/body_orientation_l2: -0.0009
                    Episode_Reward/pose: 0.0358
            Episode_Reward/body_ang_vel: -0.0097
        Episode_Reward/angular_momentum: -0.0003
           Episode_Reward/is_terminated: -0.2000
            Episode_Reward/joint_acc_l2: -0.0023
        Episode_Reward/joint_pos_limits: 0.0000
          Episode_Reward/action_rate_l2: -0.0574
               Episode_Reward/foot_gait: 0.0105
          Episode_Reward/foot_clearance: -0.0046
               Episode_Reward/foot_slip: -0.0022
            Episode_Reward/soft_landing: -0.0017
             Episode_Reward/stand_still: 0.0000
        Episode_Metrics/mean_action_acc: 2.0183
             Metrics/twist/error_vel_xy: 0.0166
            Metrics/twist/error_vel_yaw: 0.0464
           Episode_Termination/time_out: 0.0000
          Episode_Termination/fell_over: 0.0000
    Episode_Termination/illegal_contact: 1.0000
          Metrics/angular_momentum_mean: 0.2520
             Metrics/slip_velocity_mean: 0.1293
             Metrics/landing_force_mean: 0.0000
--------------------------------------------------------------------------------
                         Iteration time: 11.48s
                           Time elapsed: 00:04:49
                                    ETA: 05:53:00

################################################################################
[1m                           Learning iteration 27/2000                           [0m 

                               Run name: act-pos_pdt20ms_phyDt0p1ms_tauDec4
                            Total steps: 672 
                       Steps per second: 1 
                        Collection time: 13.096s 
                          Learning time: 0.215s 
                        Mean value loss: 0.0895
                    Mean surrogate loss: -0.0982
                      Mean entropy loss: 17.0335
                            Mean reward: -4.00
                    Mean episode length: 42.69
                        Mean action std: 1.00
   Episode_Reward/track_linear_velocity: 0.0259
  Episode_Reward/track_angular_velocity: 0.0209
     Episode_Reward/body_orientation_l2: -0.0009
                    Episode_Reward/pose: 0.0358
            Episode_Reward/body_ang_vel: -0.0097
        Episode_Reward/angular_momentum: -0.0003
           Episode_Reward/is_terminated: -0.2000
            Episode_Reward/joint_acc_l2: -0.0023
        Episode_Reward/joint_pos_limits: 0.0000
          Episode_Reward/action_rate_l2: -0.0574
               Episode_Reward/foot_gait: 0.0105
          Episode_Reward/foot_clearance: -0.0046
               Episode_Reward/foot_slip: -0.0022
            Episode_Reward/soft_landing: -0.0017
             Episode_Reward/stand_still: 0.0000
        Episode_Metrics/mean_action_acc: 2.0183
             Metrics/twist/error_vel_xy: 0.0166
            Metrics/twist/error_vel_yaw: 0.0464
           Episode_Termination/time_out: 0.0000
          Episode_Termination/fell_over: 0.0000
    Episode_Termination/illegal_contact: 1.0000
          Metrics/angular_momentum_mean: 0.4084
             Metrics/slip_velocity_mean: 0.2296
             Metrics/landing_force_mean: 0.0000
--------------------------------------------------------------------------------
                         Iteration time: 13.31s
                           Time elapsed: 00:05:03
                                    ETA: 05:55:50

################################################################################
[1m                           Learning iteration 28/2000                           [0m 

                               Run name: act-pos_pdt20ms_phyDt0p1ms_tauDec4
                            Total steps: 696 
                       Steps per second: 2 
                        Collection time: 10.473s 
                          Learning time: 0.201s 
                        Mean value loss: 1.9302
                    Mean surrogate loss: -0.1001
                      Mean entropy loss: 17.0344
                            Mean reward: -4.02
                    Mean episode length: 49.29
                        Mean action std: 1.00
   Episode_Reward/track_linear_velocity: 0.0360
  Episode_Reward/track_angular_velocity: 0.0277
     Episode_Reward/body_orientation_l2: -0.0014
                    Episode_Reward/pose: 0.0558
            Episode_Reward/body_ang_vel: -0.0143
        Episode_Reward/angular_momentum: -0.0004
           Episode_Reward/is_terminated: -0.2000
            Episode_Reward/joint_acc_l2: -0.0039
        Episode_Reward/joint_pos_limits: 0.0000
          Episode_Reward/action_rate_l2: -0.0964
               Episode_Reward/foot_gait: 0.0174
          Episode_Reward/foot_clearance: -0.0077
               Episode_Reward/foot_slip: -0.0045
            Episode_Reward/soft_landing: -0.0029
             Episode_Reward/stand_still: 0.0000
        Episode_Metrics/mean_action_acc: 2.0483
             Metrics/twist/error_vel_xy: 0.0505
            Metrics/twist/error_vel_yaw: 0.1070
           Episode_Termination/time_out: 0.0000
          Episode_Termination/fell_over: 0.0000
    Episode_Termination/illegal_contact: 1.0000
          Metrics/angular_momentum_mean: 0.7947
             Metrics/slip_velocity_mean: 0.2961
             Metrics/landing_force_mean: 53.0621
--------------------------------------------------------------------------------
                         Iteration time: 10.67s
                           Time elapsed: 00:05:13
                                    ETA: 05:55:29

################################################################################
[1m                           Learning iteration 29/2000                           [0m 

                               Run name: act-pos_pdt20ms_phyDt0p1ms_tauDec4
                            Total steps: 720 
                       Steps per second: 1 
                        Collection time: 14.117s 
                          Learning time: 0.244s 
                        Mean value loss: 0.0360
                    Mean surrogate loss: -0.0979
                      Mean entropy loss: 17.0344
                            Mean reward: -4.02
                    Mean episode length: 49.29
                        Mean action std: 1.00
   Episode_Reward/track_linear_velocity: 0.0605
  Episode_Reward/track_angular_velocity: 0.0443
     Episode_Reward/body_orientation_l2: -0.0027
                    Episode_Reward/pose: 0.1046
            Episode_Reward/body_ang_vel: -0.0254
        Episode_Reward/angular_momentum: -0.0007
           Episode_Reward/is_terminated: -0.2000
            Episode_Reward/joint_acc_l2: -0.0078
        Episode_Reward/joint_pos_limits: 0.0000
          Episode_Reward/action_rate_l2: -0.1911
               Episode_Reward/foot_gait: 0.0340
          Episode_Reward/foot_clearance: -0.0151
               Episode_Reward/foot_slip: -0.0102
            Episode_Reward/soft_landing: -0.0058
             Episode_Reward/stand_still: 0.0000
        Episode_Metrics/mean_action_acc: 2.1211
             Metrics/twist/error_vel_xy: 0.1329
            Metrics/twist/error_vel_yaw: 0.2541
           Episode_Termination/time_out: 0.0000
          Episode_Termination/fell_over: 0.0000
    Episode_Termination/illegal_contact: 1.0000
          Metrics/angular_momentum_mean: 0.0556
             Metrics/slip_velocity_mean: 0.1259
             Metrics/landing_force_mean: 0.0000
--------------------------------------------------------------------------------
                         Iteration time: 14.36s
                           Time elapsed: 00:05:28
                                    ETA: 05:59:11

################################################################################
[1m                           Learning iteration 30/2000                           [0m 

                               Run name: act-pos_pdt20ms_phyDt0p1ms_tauDec4
                            Total steps: 744 
                       Steps per second: 1 
                        Collection time: 13.810s 
                          Learning time: 0.134s 
                        Mean value loss: 0.9525
                    Mean surrogate loss: -0.1062
                      Mean entropy loss: 17.0349
                            Mean reward: -4.04
                    Mean episode length: 49.40
                        Mean action std: 1.00
   Episode_Reward/track_linear_velocity: 0.0554
  Episode_Reward/track_angular_velocity: 0.0427
     Episode_Reward/body_orientation_l2: -0.0024
                    Episode_Reward/pose: 0.0884
            Episode_Reward/body_ang_vel: -0.0223
        Episode_Reward/angular_momentum: -0.0006
           Episode_Reward/is_terminated: -0.2000
            Episode_Reward/joint_acc_l2: -0.0070
        Episode_Reward/joint_pos_limits: 0.0000
          Episode_Reward/action_rate_l2: -0.1702
               Episode_Reward/foot_gait: 0.0283
          Episode_Reward/foot_clearance: -0.0126
               Episode_Reward/foot_slip: -0.0085
            Episode_Reward/soft_landing: -0.0048
             Episode_Reward/stand_still: -0.0025
        Episode_Metrics/mean_action_acc: 2.1009
             Metrics/twist/error_vel_xy: 0.1156
            Metrics/twist/error_vel_yaw: 0.2172
           Episode_Termination/time_out: 0.0000
          Episode_Termination/fell_over: 0.0000
    Episode_Termination/illegal_contact: 1.0000
          Metrics/angular_momentum_mean: 0.1526
             Metrics/slip_velocity_mean: 0.2844
             Metrics/landing_force_mean: 0.0000
--------------------------------------------------------------------------------
                         Iteration time: 13.94s
                           Time elapsed: 00:05:42
                                    ETA: 06:02:11

################################################################################
[1m                           Learning iteration 31/2000                           [0m 

                               Run name: act-pos_pdt20ms_phyDt0p1ms_tauDec4
                            Total steps: 768 
                       Steps per second: 1 
                        Collection time: 12.193s 
                          Learning time: 0.114s 
                        Mean value loss: 0.2300
                    Mean surrogate loss: -0.1126
                      Mean entropy loss: 17.0392
                            Mean reward: -4.04
                    Mean episode length: 49.40
                        Mean action std: 1.00
   Episode_Reward/track_linear_velocity: 0.0301
  Episode_Reward/track_angular_velocity: 0.0342
     Episode_Reward/body_orientation_l2: -0.0006
                    Episode_Reward/pose: 0.0071
            Episode_Reward/body_ang_vel: -0.0071
        Episode_Reward/angular_momentum: -0.0002
           Episode_Reward/is_terminated: -0.2000
            Episode_Reward/joint_acc_l2: -0.0025
        Episode_Reward/joint_pos_limits: 0.0000
          Episode_Reward/action_rate_l2: -0.0657
               Episode_Reward/foot_gait: 0.0000
          Episode_Reward/foot_clearance: 0.0000
               Episode_Reward/foot_slip: 0.0000
            Episode_Reward/soft_landing: 0.0000
             Episode_Reward/stand_still: -0.0147
        Episode_Metrics/mean_action_acc: 1.9997
             Metrics/twist/error_vel_xy: 0.0291
            Metrics/twist/error_vel_yaw: 0.0329
           Episode_Termination/time_out: 0.0000
          Episode_Termination/fell_over: 0.0000
    Episode_Termination/illegal_contact: 1.0000
          Metrics/angular_momentum_mean: 0.7146
             Metrics/slip_velocity_mean: 0.9376
             Metrics/landing_force_mean: 69.3219
--------------------------------------------------------------------------------
                         Iteration time: 12.31s
                           Time elapsed: 00:05:54
                                    ETA: 06:03:18

################################################################################
[1m                           Learning iteration 32/2000                           [0m 

                               Run name: act-pos_pdt20ms_phyDt0p1ms_tauDec4
                            Total steps: 792 
                       Steps per second: 3 
                        Collection time: 7.459s 
                          Learning time: 0.092s 
                        Mean value loss: 1.0545
                    Mean surrogate loss: -0.0955
                      Mean entropy loss: 17.0415
                            Mean reward: -4.05
                    Mean episode length: 49.25
                        Mean action std: 1.00
   Episode_Reward/track_linear_velocity: 0.0255
  Episode_Reward/track_angular_velocity: 0.0322
     Episode_Reward/body_orientation_l2: -0.0007
                    Episode_Reward/pose: 0.0134
            Episode_Reward/body_ang_vel: -0.0071
        Episode_Reward/angular_momentum: -0.0002
           Episode_Reward/is_terminated: -0.2000
            Episode_Reward/joint_acc_l2: -0.0026
        Episode_Reward/joint_pos_limits: 0.0000
          Episode_Reward/action_rate_l2: -0.0658
               Episode_Reward/foot_gait: 0.0028
          Episode_Reward/foot_clearance: -0.0013
               Episode_Reward/foot_slip: -0.0009
            Episode_Reward/soft_landing: -0.0004
             Episode_Reward/stand_still: -0.0117
        Episode_Metrics/mean_action_acc: 2.0133
             Metrics/twist/error_vel_xy: 0.0382
            Metrics/twist/error_vel_yaw: 0.0368
           Episode_Termination/time_out: 0.0000
          Episode_Termination/fell_over: 0.0000
    Episode_Termination/illegal_contact: 1.0000
          Metrics/angular_momentum_mean: 0.2085
             Metrics/slip_velocity_mean: 0.2215
             Metrics/landing_force_mean: 24.3154
--------------------------------------------------------------------------------
                         Iteration time: 7.55s
                           Time elapsed: 00:06:01
                                    ETA: 05:59:36

################################################################################
[1m                           Learning iteration 33/2000                           [0m 

                               Run name: act-pos_pdt20ms_phyDt0p1ms_tauDec4
                            Total steps: 816 
                       Steps per second: 3 
                        Collection time: 7.382s 
                          Learning time: 0.121s 
                        Mean value loss: 0.1437
                    Mean surrogate loss: -0.1112
                      Mean entropy loss: 17.0419
                            Mean reward: -4.05
                    Mean episode length: 49.25
                        Mean action std: 1.00
   Episode_Reward/track_linear_velocity: 0.0079
  Episode_Reward/track_angular_velocity: 0.0244
     Episode_Reward/body_orientation_l2: -0.0008
                    Episode_Reward/pose: 0.0372
            Episode_Reward/body_ang_vel: -0.0069
        Episode_Reward/angular_momentum: -0.0002
           Episode_Reward/is_terminated: -0.2000
            Episode_Reward/joint_acc_l2: -0.0028
        Episode_Reward/joint_pos_limits: 0.0000
          Episode_Reward/action_rate_l2: -0.0664
               Episode_Reward/foot_gait: 0.0132
          Episode_Reward/foot_clearance: -0.0063
               Episode_Reward/foot_slip: -0.0042
            Episode_Reward/soft_landing: -0.0020
             Episode_Reward/stand_still: 0.0000
        Episode_Metrics/mean_action_acc: 2.0649
             Metrics/twist/error_vel_xy: 0.0730
            Metrics/twist/error_vel_yaw: 0.0516
           Episode_Termination/time_out: 0.0000
          Episode_Termination/fell_over: 0.0000
    Episode_Termination/illegal_contact: 1.0000
          Metrics/angular_momentum_mean: 0.3546
             Metrics/slip_velocity_mean: 0.1583
             Metrics/landing_force_mean: 28.3284
--------------------------------------------------------------------------------
                         Iteration time: 7.50s
                           Time elapsed: 00:06:09
                                    ETA: 05:56:05

################################################################################
[1m                           Learning iteration 34/2000                           [0m 

                               Run name: act-pos_pdt20ms_phyDt0p1ms_tauDec4
                            Total steps: 840 
                       Steps per second: 3 
                        Collection time: 7.808s 
                          Learning time: 0.116s 
                        Mean value loss: 0.1387
                    Mean surrogate loss: -0.1064
                      Mean entropy loss: 17.0435
                            Mean reward: -4.05
                    Mean episode length: 49.25
                        Mean action std: 1.00
   Episode_Reward/track_linear_velocity: 0.0079
  Episode_Reward/track_angular_velocity: 0.0244
     Episode_Reward/body_orientation_l2: -0.0008
                    Episode_Reward/pose: 0.0372
            Episode_Reward/body_ang_vel: -0.0069
        Episode_Reward/angular_momentum: -0.0002
           Episode_Reward/is_terminated: -0.2000
            Episode_Reward/joint_acc_l2: -0.0028
        Episode_Reward/joint_pos_limits: 0.0000
          Episode_Reward/action_rate_l2: -0.0664
               Episode_Reward/foot_gait: 0.0132
          Episode_Reward/foot_clearance: -0.0063
               Episode_Reward/foot_slip: -0.0042
            Episode_Reward/soft_landing: -0.0020
             Episode_Reward/stand_still: 0.0000
        Episode_Metrics/mean_action_acc: 2.0649
             Metrics/twist/error_vel_xy: 0.0730
            Metrics/twist/error_vel_yaw: 0.0516
           Episode_Termination/time_out: 0.0000
          Episode_Termination/fell_over: 0.0000
    Episode_Termination/illegal_contact: 1.0000
          Metrics/angular_momentum_mean: 0.5720
             Metrics/slip_velocity_mean: 0.1816
             Metrics/landing_force_mean: 0.0000
--------------------------------------------------------------------------------
                         Iteration time: 7.92s
                           Time elapsed: 00:06:17
                                    ETA: 05:53:09

################################################################################
[1m                           Learning iteration 35/2000                           [0m 

                               Run name: act-pos_pdt20ms_phyDt0p1ms_tauDec4
                            Total steps: 864 
                       Steps per second: 2 
                        Collection time: 8.257s 
                          Learning time: 0.118s 
                        Mean value loss: 0.6008
                    Mean surrogate loss: -0.0985
                      Mean entropy loss: 17.0447
                            Mean reward: -4.08
                    Mean episode length: 49.82
                        Mean action std: 1.00
   Episode_Reward/track_linear_velocity: 0.0100
  Episode_Reward/track_angular_velocity: 0.0195
     Episode_Reward/body_orientation_l2: -0.0045
                    Episode_Reward/pose: 0.0401
            Episode_Reward/body_ang_vel: -0.0141
        Episode_Reward/angular_momentum: -0.0004
           Episode_Reward/is_terminated: -0.2000
            Episode_Reward/joint_acc_l2: -0.0029
        Episode_Reward/joint_pos_limits: 0.0000
          Episode_Reward/action_rate_l2: -0.0730
               Episode_Reward/foot_gait: 0.0139
          Episode_Reward/foot_clearance: -0.0069
               Episode_Reward/foot_slip: -0.0038
            Episode_Reward/soft_landing: -0.0020
             Episode_Reward/stand_still: 0.0000
        Episode_Metrics/mean_action_acc: 2.0032
             Metrics/twist/error_vel_xy: 0.0863
            Metrics/twist/error_vel_yaw: 0.0931
           Episode_Termination/time_out: 0.0000
          Episode_Termination/fell_over: 0.0000
    Episode_Termination/illegal_contact: 1.0000
          Metrics/angular_momentum_mean: 0.4903
             Metrics/slip_velocity_mean: 0.1773
             Metrics/landing_force_mean: 32.0962
--------------------------------------------------------------------------------
                         Iteration time: 8.37s
                           Time elapsed: 00:06:25
                                    ETA: 05:50:47

################################################################################
[1m                           Learning iteration 36/2000                           [0m 

                               Run name: act-pos_pdt20ms_phyDt0p1ms_tauDec4
                            Total steps: 888 
                       Steps per second: 2 
                        Collection time: 10.458s 
                          Learning time: 0.123s 
                        Mean value loss: 0.0618
                    Mean surrogate loss: -0.1083
                      Mean entropy loss: 17.0470
                            Mean reward: -4.08
                    Mean episode length: 49.82
                        Mean action std: 1.00
   Episode_Reward/track_linear_velocity: 0.0107
  Episode_Reward/track_angular_velocity: 0.0179
     Episode_Reward/body_orientation_l2: -0.0058
                    Episode_Reward/pose: 0.0411
            Episode_Reward/body_ang_vel: -0.0165
        Episode_Reward/angular_momentum: -0.0004
           Episode_Reward/is_terminated: -0.2000
            Episode_Reward/joint_acc_l2: -0.0030
        Episode_Reward/joint_pos_limits: 0.0000
          Episode_Reward/action_rate_l2: -0.0753
               Episode_Reward/foot_gait: 0.0141
          Episode_Reward/foot_clearance: -0.0071
               Episode_Reward/foot_slip: -0.0037
            Episode_Reward/soft_landing: -0.0021
             Episode_Reward/stand_still: 0.0000
        Episode_Metrics/mean_action_acc: 1.9826
             Metrics/twist/error_vel_xy: 0.0907
            Metrics/twist/error_vel_yaw: 0.1069
           Episode_Termination/time_out: 0.0000
          Episode_Termination/fell_over: 0.0000
    Episode_Termination/illegal_contact: 1.0000
          Metrics/angular_momentum_mean: 0.9089
             Metrics/slip_velocity_mean: 0.1167
             Metrics/landing_force_mean: 0.0000
--------------------------------------------------------------------------------
                         Iteration time: 10.58s
                           Time elapsed: 00:06:36
                                    ETA: 05:50:29

################################################################################
[1m                           Learning iteration 37/2000                           [0m 

                               Run name: act-pos_pdt20ms_phyDt0p1ms_tauDec4
                            Total steps: 912 
                       Steps per second: 1 
                        Collection time: 13.036s 
                          Learning time: 0.113s 
                        Mean value loss: 0.0917
                    Mean surrogate loss: -0.1065
                      Mean entropy loss: 17.0497
                            Mean reward: -4.08
                    Mean episode length: 49.82
                        Mean action std: 1.00
   Episode_Reward/track_linear_velocity: 0.0107
  Episode_Reward/track_angular_velocity: 0.0179
     Episode_Reward/body_orientation_l2: -0.0058
                    Episode_Reward/pose: 0.0411
            Episode_Reward/body_ang_vel: -0.0165
        Episode_Reward/angular_momentum: -0.0004
           Episode_Reward/is_terminated: -0.2000
            Episode_Reward/joint_acc_l2: -0.0030
        Episode_Reward/joint_pos_limits: 0.0000
          Episode_Reward/action_rate_l2: -0.0753
               Episode_Reward/foot_gait: 0.0141
          Episode_Reward/foot_clearance: -0.0071
               Episode_Reward/foot_slip: -0.0037
            Episode_Reward/soft_landing: -0.0021
             Episode_Reward/stand_still: 0.0000
        Episode_Metrics/mean_action_acc: 1.9826
             Metrics/twist/error_vel_xy: 0.0907
            Metrics/twist/error_vel_yaw: 0.1069
           Episode_Termination/time_out: 0.0000
          Episode_Termination/fell_over: 0.0000
    Episode_Termination/illegal_contact: 1.0000
          Metrics/angular_momentum_mean: 0.5324
             Metrics/slip_velocity_mean: 0.1180
             Metrics/landing_force_mean: 0.0000
--------------------------------------------------------------------------------
                         Iteration time: 13.15s
                           Time elapsed: 00:06:49
                                    ETA: 05:52:24

################################################################################
[1m                           Learning iteration 38/2000                           [0m 

                               Run name: act-pos_pdt20ms_phyDt0p1ms_tauDec4
                            Total steps: 936 
                       Steps per second: 3 
                        Collection time: 7.455s 
                          Learning time: 0.136s 
                        Mean value loss: 0.0286
                    Mean surrogate loss: -0.0911
                      Mean entropy loss: 17.0508
                            Mean reward: -4.08
                    Mean episode length: 49.82
                        Mean action std: 1.00
   Episode_Reward/track_linear_velocity: 0.0107
  Episode_Reward/track_angular_velocity: 0.0179
     Episode_Reward/body_orientation_l2: -0.0058
                    Episode_Reward/pose: 0.0411
            Episode_Reward/body_ang_vel: -0.0165
        Episode_Reward/angular_momentum: -0.0004
           Episode_Reward/is_terminated: -0.2000
            Episode_Reward/joint_acc_l2: -0.0030
        Episode_Reward/joint_pos_limits: 0.0000
          Episode_Reward/action_rate_l2: -0.0753
               Episode_Reward/foot_gait: 0.0141
          Episode_Reward/foot_clearance: -0.0071
               Episode_Reward/foot_slip: -0.0037
            Episode_Reward/soft_landing: -0.0021
             Episode_Reward/stand_still: 0.0000
        Episode_Metrics/mean_action_acc: 1.9826
             Metrics/twist/error_vel_xy: 0.0907
            Metrics/twist/error_vel_yaw: 0.1069
           Episode_Termination/time_out: 0.0000
          Episode_Termination/fell_over: 0.0000
    Episode_Termination/illegal_contact: 1.0000
          Metrics/angular_momentum_mean: 0.4751
             Metrics/slip_velocity_mean: 0.2601
             Metrics/landing_force_mean: 42.0655
--------------------------------------------------------------------------------
                         Iteration time: 7.59s
                           Time elapsed: 00:06:57
                                    ETA: 05:49:33

################################################################################
[1m                           Learning iteration 39/2000                           [0m 

                               Run name: act-pos_pdt20ms_phyDt0p1ms_tauDec4
                            Total steps: 960 
                       Steps per second: 3 
                        Collection time: 7.715s 
                          Learning time: 0.115s 
                        Mean value loss: 0.0407
                    Mean surrogate loss: -0.0915
                      Mean entropy loss: 17.0503
                            Mean reward: -4.08
                    Mean episode length: 49.82
                        Mean action std: 1.00
   Episode_Reward/track_linear_velocity: 0.0107
  Episode_Reward/track_angular_velocity: 0.0179
     Episode_Reward/body_orientation_l2: -0.0058
                    Episode_Reward/pose: 0.0411
            Episode_Reward/body_ang_vel: -0.0165
        Episode_Reward/angular_momentum: -0.0004
           Episode_Reward/is_terminated: -0.2000
            Episode_Reward/joint_acc_l2: -0.0030
        Episode_Reward/joint_pos_limits: 0.0000
          Episode_Reward/action_rate_l2: -0.0753
               Episode_Reward/foot_gait: 0.0141
          Episode_Reward/foot_clearance: -0.0071
               Episode_Reward/foot_slip: -0.0037
            Episode_Reward/soft_landing: -0.0021
             Episode_Reward/stand_still: 0.0000
        Episode_Metrics/mean_action_acc: 1.9826
             Metrics/twist/error_vel_xy: 0.0907
            Metrics/twist/error_vel_yaw: 0.1069
           Episode_Termination/time_out: 0.0000
          Episode_Termination/fell_over: 0.0000
    Episode_Termination/illegal_contact: 1.0000
          Metrics/angular_momentum_mean: 0.3828
             Metrics/slip_velocity_mean: 0.0913
             Metrics/landing_force_mean: 0.0000
--------------------------------------------------------------------------------
                         Iteration time: 7.83s
                           Time elapsed: 00:07:04
                                    ETA: 05:47:02

################################################################################
[1m                           Learning iteration 40/2000                           [0m 

                               Run name: act-pos_pdt20ms_phyDt0p1ms_tauDec4
                            Total steps: 984 
                       Steps per second: 2 
                        Collection time: 7.987s 
                          Learning time: 0.104s 
                        Mean value loss: 2.6729
                    Mean surrogate loss: -0.1100
                      Mean entropy loss: 17.0505
                            Mean reward: -4.21
                    Mean episode length: 54.17
                        Mean action std: 1.00
   Episode_Reward/track_linear_velocity: 0.0388
  Episode_Reward/track_angular_velocity: 0.0342
     Episode_Reward/body_orientation_l2: -0.0061
                    Episode_Reward/pose: 0.0275
            Episode_Reward/body_ang_vel: -0.0205
        Episode_Reward/angular_momentum: -0.0006
           Episode_Reward/is_terminated: -0.2000
            Episode_Reward/joint_acc_l2: -0.0050
        Episode_Reward/joint_pos_limits: 0.0000
          Episode_Reward/action_rate_l2: -0.1179
               Episode_Reward/foot_gait: 0.0082
          Episode_Reward/foot_clearance: -0.0041
               Episode_Reward/foot_slip: -0.0021
            Episode_Reward/soft_landing: -0.0012
             Episode_Reward/stand_still: -0.0169
        Episode_Metrics/mean_action_acc: 2.0177
             Metrics/twist/error_vel_xy: 0.0865
            Metrics/twist/error_vel_yaw: 0.1280
           Episode_Termination/time_out: 0.0000
          Episode_Termination/fell_over: 0.0000
    Episode_Termination/illegal_contact: 1.0000
          Metrics/angular_momentum_mean: 0.7102
             Metrics/slip_velocity_mean: 0.5751
             Metrics/landing_force_mean: 89.0037
--------------------------------------------------------------------------------
                         Iteration time: 8.09s
                           Time elapsed: 00:07:13
                                    ETA: 05:44:50

################################################################################
[1m                           Learning iteration 41/2000                           [0m 

                               Run name: act-pos_pdt20ms_phyDt0p1ms_tauDec4
                            Total steps: 1008 
                       Steps per second: 2 
                        Collection time: 8.036s 
                          Learning time: 0.112s 
                        Mean value loss: 0.0430
                    Mean surrogate loss: -0.1069
                      Mean entropy loss: 17.0503
                            Mean reward: -4.21
                    Mean episode length: 54.17
                        Mean action std: 1.00
   Episode_Reward/track_linear_velocity: 0.0781
  Episode_Reward/track_angular_velocity: 0.0570
     Episode_Reward/body_orientation_l2: -0.0066
                    Episode_Reward/pose: 0.0085
            Episode_Reward/body_ang_vel: -0.0261
        Episode_Reward/angular_momentum: -0.0009
           Episode_Reward/is_terminated: -0.2000
            Episode_Reward/joint_acc_l2: -0.0079
        Episode_Reward/joint_pos_limits: 0.0000
          Episode_Reward/action_rate_l2: -0.1777
               Episode_Reward/foot_gait: 0.0000
          Episode_Reward/foot_clearance: 0.0000
               Episode_Reward/foot_slip: 0.0000
            Episode_Reward/soft_landing: 0.0000
             Episode_Reward/stand_still: -0.0406
        Episode_Metrics/mean_action_acc: 2.0669
             Metrics/twist/error_vel_xy: 0.0806
            Metrics/twist/error_vel_yaw: 0.1575
           Episode_Termination/time_out: 0.0000
          Episode_Termination/fell_over: 0.0000
    Episode_Termination/illegal_contact: 1.0000
          Metrics/angular_momentum_mean: 0.5656
             Metrics/slip_velocity_mean: 0.3193
             Metrics/landing_force_mean: 0.0000
--------------------------------------------------------------------------------
                         Iteration time: 8.15s
                           Time elapsed: 00:07:21
                                    ETA: 05:42:47

################################################################################
[1m                           Learning iteration 42/2000                           [0m 

                               Run name: act-pos_pdt20ms_phyDt0p1ms_tauDec4
                            Total steps: 1032 
                       Steps per second: 2 
                        Collection time: 10.698s 
                          Learning time: 0.149s 
                        Mean value loss: 0.0491
                    Mean surrogate loss: -0.1137
                      Mean entropy loss: 17.0511
                            Mean reward: -4.21
                    Mean episode length: 54.17
                        Mean action std: 1.00
   Episode_Reward/track_linear_velocity: 0.0781
  Episode_Reward/track_angular_velocity: 0.0570
     Episode_Reward/body_orientation_l2: -0.0066
                    Episode_Reward/pose: 0.0085
            Episode_Reward/body_ang_vel: -0.0261
        Episode_Reward/angular_momentum: -0.0009
           Episode_Reward/is_terminated: -0.2000
            Episode_Reward/joint_acc_l2: -0.0079
        Episode_Reward/joint_pos_limits: 0.0000
          Episode_Reward/action_rate_l2: -0.1777
               Episode_Reward/foot_gait: 0.0000
          Episode_Reward/foot_clearance: 0.0000
               Episode_Reward/foot_slip: 0.0000
            Episode_Reward/soft_landing: 0.0000
             Episode_Reward/stand_still: -0.0406
        Episode_Metrics/mean_action_acc: 2.0669
             Metrics/twist/error_vel_xy: 0.0806
            Metrics/twist/error_vel_yaw: 0.1575
           Episode_Termination/time_out: 0.0000
          Episode_Termination/fell_over: 0.0000
    Episode_Termination/illegal_contact: 1.0000
          Metrics/angular_momentum_mean: 0.5442
             Metrics/slip_velocity_mean: 0.2761
             Metrics/landing_force_mean: 70.9894
--------------------------------------------------------------------------------
                         Iteration time: 10.85s
                           Time elapsed: 00:07:32
                                    ETA: 05:42:52

################################################################################
[1m                           Learning iteration 43/2000                           [0m 

                               Run name: act-pos_pdt20ms_phyDt0p1ms_tauDec4
                            Total steps: 1056 
                       Steps per second: 1 
                        Collection time: 14.230s 
                          Learning time: 0.232s 
                        Mean value loss: 0.0139
                    Mean surrogate loss: -0.0896
                      Mean entropy loss: 17.0523
                            Mean reward: -4.21
                    Mean episode length: 54.17
                        Mean action std: 1.00
   Episode_Reward/track_linear_velocity: 0.0781
  Episode_Reward/track_angular_velocity: 0.0570
     Episode_Reward/body_orientation_l2: -0.0066
                    Episode_Reward/pose: 0.0085
            Episode_Reward/body_ang_vel: -0.0261
        Episode_Reward/angular_momentum: -0.0009
           Episode_Reward/is_terminated: -0.2000
            Episode_Reward/joint_acc_l2: -0.0079
        Episode_Reward/joint_pos_limits: 0.0000
          Episode_Reward/action_rate_l2: -0.1777
               Episode_Reward/foot_gait: 0.0000
          Episode_Reward/foot_clearance: 0.0000
               Episode_Reward/foot_slip: 0.0000
            Episode_Reward/soft_landing: 0.0000
             Episode_Reward/stand_still: -0.0406
        Episode_Metrics/mean_action_acc: 2.0669
             Metrics/twist/error_vel_xy: 0.0806
            Metrics/twist/error_vel_yaw: 0.1575
           Episode_Termination/time_out: 0.0000
          Episode_Termination/fell_over: 0.0000
    Episode_Termination/illegal_contact: 1.0000
          Metrics/angular_momentum_mean: 0.3915
             Metrics/slip_velocity_mean: 0.1607
             Metrics/landing_force_mean: 0.0000
--------------------------------------------------------------------------------
                         Iteration time: 14.46s
                           Time elapsed: 00:07:46
                                    ETA: 05:45:37

################################################################################
[1m                           Learning iteration 44/2000                           [0m 

                               Run name: act-pos_pdt20ms_phyDt0p1ms_tauDec4
                            Total steps: 1080 
                       Steps per second: 1 
                        Collection time: 12.635s 
                          Learning time: 0.203s 
                        Mean value loss: 0.1608
                    Mean surrogate loss: -0.0931
                      Mean entropy loss: 17.0528
                            Mean reward: -4.21
                    Mean episode length: 54.17
                        Mean action std: 1.00
   Episode_Reward/track_linear_velocity: 0.0781
  Episode_Reward/track_angular_velocity: 0.0570
     Episode_Reward/body_orientation_l2: -0.0066
                    Episode_Reward/pose: 0.0085
            Episode_Reward/body_ang_vel: -0.0261
        Episode_Reward/angular_momentum: -0.0009
           Episode_Reward/is_terminated: -0.2000
            Episode_Reward/joint_acc_l2: -0.0079
        Episode_Reward/joint_pos_limits: 0.0000
          Episode_Reward/action_rate_l2: -0.1777
               Episode_Reward/foot_gait: 0.0000
          Episode_Reward/foot_clearance: 0.0000
               Episode_Reward/foot_slip: 0.0000
            Episode_Reward/soft_landing: 0.0000
             Episode_Reward/stand_still: -0.0406
        Episode_Metrics/mean_action_acc: 2.0669
             Metrics/twist/error_vel_xy: 0.0806
            Metrics/twist/error_vel_yaw: 0.1575
           Episode_Termination/time_out: 0.0000
          Episode_Termination/fell_over: 0.0000
    Episode_Termination/illegal_contact: 1.0000
          Metrics/angular_momentum_mean: 0.3314
             Metrics/slip_velocity_mean: 0.2687
             Metrics/landing_force_mean: 87.9830
--------------------------------------------------------------------------------
                         Iteration time: 12.84s
                           Time elapsed: 00:07:59
                                    ETA: 05:47:04

################################################################################
[1m                           Learning iteration 45/2000                           [0m 

                               Run name: act-pos_pdt20ms_phyDt0p1ms_tauDec4
                            Total steps: 1104 
                       Steps per second: 2 
                        Collection time: 10.896s 
                          Learning time: 0.098s 
                        Mean value loss: 1.5207
                    Mean surrogate loss: -0.1012
                      Mean entropy loss: 17.0549
                            Mean reward: -4.19
                    Mean episode length: 58.05
                        Mean action std: 1.00
   Episode_Reward/track_linear_velocity: 0.0775
  Episode_Reward/track_angular_velocity: 0.0562
     Episode_Reward/body_orientation_l2: -0.0063
                    Episode_Reward/pose: 0.0157
            Episode_Reward/body_ang_vel: -0.0258
        Episode_Reward/angular_momentum: -0.0009
           Episode_Reward/is_terminated: -0.2000
            Episode_Reward/joint_acc_l2: -0.0078
        Episode_Reward/joint_pos_limits: 0.0000
          Episode_Reward/action_rate_l2: -0.1772
               Episode_Reward/foot_gait: 0.0028
          Episode_Reward/foot_clearance: -0.0012
               Episode_Reward/foot_slip: -0.0009
            Episode_Reward/soft_landing: -0.0005
             Episode_Reward/stand_still: -0.0373
        Episode_Metrics/mean_action_acc: 2.0658
             Metrics/twist/error_vel_xy: 0.0792
            Metrics/twist/error_vel_yaw: 0.1621
           Episode_Termination/time_out: 0.0000
          Episode_Termination/fell_over: 0.0000
    Episode_Termination/illegal_contact: 1.0000
          Metrics/angular_momentum_mean: 0.1071
             Metrics/slip_velocity_mean: 0.2860
             Metrics/landing_force_mean: 28.2247
--------------------------------------------------------------------------------
                         Iteration time: 10.99s
                           Time elapsed: 00:08:10
                                    ETA: 05:47:08

################################################################################
[1m                           Learning iteration 46/2000                           [0m 

                               Run name: act-pos_pdt20ms_phyDt0p1ms_tauDec4
                            Total steps: 1128 
                       Steps per second: 2 
                        Collection time: 8.095s 
                          Learning time: 0.106s 
                        Mean value loss: 0.0316
                    Mean surrogate loss: -0.1035
                      Mean entropy loss: 17.0586
                            Mean reward: -4.19
                    Mean episode length: 58.05
                        Mean action std: 1.00
   Episode_Reward/track_linear_velocity: 0.0705
  Episode_Reward/track_angular_velocity: 0.0479
     Episode_Reward/body_orientation_l2: -0.0033
                    Episode_Reward/pose: 0.0945
            Episode_Reward/body_ang_vel: -0.0229
        Episode_Reward/angular_momentum: -0.0008
           Episode_Reward/is_terminated: -0.2000
            Episode_Reward/joint_acc_l2: -0.0068
        Episode_Reward/joint_pos_limits: 0.0000
          Episode_Reward/action_rate_l2: -0.1718
               Episode_Reward/foot_gait: 0.0331
          Episode_Reward/foot_clearance: -0.0148
               Episode_Reward/foot_slip: -0.0103
            Episode_Reward/soft_landing: -0.0056
             Episode_Reward/stand_still: 0.0000
        Episode_Metrics/mean_action_acc: 2.0536
             Metrics/twist/error_vel_xy: 0.0641
            Metrics/twist/error_vel_yaw: 0.2129
           Episode_Termination/time_out: 0.0000
          Episode_Termination/fell_over: 0.0000
    Episode_Termination/illegal_contact: 1.0000
          Metrics/angular_momentum_mean: 0.6200
             Metrics/slip_velocity_mean: 0.1018
             Metrics/landing_force_mean: 0.0000
--------------------------------------------------------------------------------
                         Iteration time: 8.20s
                           Time elapsed: 00:08:18
                                    ETA: 05:45:15

################################################################################
[1m                           Learning iteration 47/2000                           [0m 

                               Run name: act-pos_pdt20ms_phyDt0p1ms_tauDec4
                            Total steps: 1152 
                       Steps per second: 1 
                        Collection time: 12.057s 
                          Learning time: 0.179s 
                        Mean value loss: 0.0235
                    Mean surrogate loss: -0.0996
                      Mean entropy loss: 17.0608
                            Mean reward: -4.19
                    Mean episode length: 58.05
                        Mean action std: 1.00
   Episode_Reward/track_linear_velocity: 0.0705
  Episode_Reward/track_angular_velocity: 0.0479
     Episode_Reward/body_orientation_l2: -0.0033
                    Episode_Reward/pose: 0.0945
            Episode_Reward/body_ang_vel: -0.0229
        Episode_Reward/angular_momentum: -0.0008
           Episode_Reward/is_terminated: -0.2000
            Episode_Reward/joint_acc_l2: -0.0068
        Episode_Reward/joint_pos_limits: 0.0000
          Episode_Reward/action_rate_l2: -0.1718
               Episode_Reward/foot_gait: 0.0331
          Episode_Reward/foot_clearance: -0.0148
               Episode_Reward/foot_slip: -0.0103
            Episode_Reward/soft_landing: -0.0056
             Episode_Reward/stand_still: 0.0000
        Episode_Metrics/mean_action_acc: 2.0536
             Metrics/twist/error_vel_xy: 0.0641
            Metrics/twist/error_vel_yaw: 0.2129
           Episode_Termination/time_out: 0.0000
          Episode_Termination/fell_over: 0.0000
    Episode_Termination/illegal_contact: 1.0000
          Metrics/angular_momentum_mean: 0.6587
             Metrics/slip_velocity_mean: 0.0922
             Metrics/landing_force_mean: 0.0000
--------------------------------------------------------------------------------
                         Iteration time: 12.24s
                           Time elapsed: 00:08:30
                                    ETA: 05:46:10

################################################################################
[1m                           Learning iteration 48/2000                           [0m 

                               Run name: act-pos_pdt20ms_phyDt0p1ms_tauDec4
                            Total steps: 1176 
                       Steps per second: 1 
                        Collection time: 12.716s 
                          Learning time: 0.108s 
                        Mean value loss: 0.0445
                    Mean surrogate loss: -0.1010
                      Mean entropy loss: 17.0611
                            Mean reward: -4.19
                    Mean episode length: 58.05
                        Mean action std: 1.00
   Episode_Reward/track_linear_velocity: 0.0705
  Episode_Reward/track_angular_velocity: 0.0479
     Episode_Reward/body_orientation_l2: -0.0033
                    Episode_Reward/pose: 0.0945
            Episode_Reward/body_ang_vel: -0.0229
        Episode_Reward/angular_momentum: -0.0008
           Episode_Reward/is_terminated: -0.2000
            Episode_Reward/joint_acc_l2: -0.0068
        Episode_Reward/joint_pos_limits: 0.0000
          Episode_Reward/action_rate_l2: -0.1718
               Episode_Reward/foot_gait: 0.0331
          Episode_Reward/foot_clearance: -0.0148
               Episode_Reward/foot_slip: -0.0103
            Episode_Reward/soft_landing: -0.0056
             Episode_Reward/stand_still: 0.0000
        Episode_Metrics/mean_action_acc: 2.0536
             Metrics/twist/error_vel_xy: 0.0641
            Metrics/twist/error_vel_yaw: 0.2129
           Episode_Termination/time_out: 0.0000
          Episode_Termination/fell_over: 0.0000
    Episode_Termination/illegal_contact: 1.0000
          Metrics/angular_momentum_mean: 0.9760
             Metrics/slip_velocity_mean: 0.1084
             Metrics/landing_force_mean: 0.0000
--------------------------------------------------------------------------------
                         Iteration time: 12.82s
                           Time elapsed: 00:08:43
                                    ETA: 05:47:27

################################################################################
[1m                           Learning iteration 49/2000                           [0m 

                               Run name: act-pos_pdt20ms_phyDt0p1ms_tauDec4
                            Total steps: 1200 
                       Steps per second: 3 
                        Collection time: 7.712s 
                          Learning time: 0.129s 
                        Mean value loss: 0.0474
                    Mean surrogate loss: -0.1013
                      Mean entropy loss: 17.0609
                            Mean reward: -4.19
                    Mean episode length: 58.05
                        Mean action std: 1.00
   Episode_Reward/track_linear_velocity: 0.0705
  Episode_Reward/track_angular_velocity: 0.0479
     Episode_Reward/body_orientation_l2: -0.0033
                    Episode_Reward/pose: 0.0945
            Episode_Reward/body_ang_vel: -0.0229
        Episode_Reward/angular_momentum: -0.0008
           Episode_Reward/is_terminated: -0.2000
            Episode_Reward/joint_acc_l2: -0.0068
        Episode_Reward/joint_pos_limits: 0.0000
          Episode_Reward/action_rate_l2: -0.1718
               Episode_Reward/foot_gait: 0.0331
          Episode_Reward/foot_clearance: -0.0148
               Episode_Reward/foot_slip: -0.0103
            Episode_Reward/soft_landing: -0.0056
             Episode_Reward/stand_still: 0.0000
        Episode_Metrics/mean_action_acc: 2.0536
             Metrics/twist/error_vel_xy: 0.0641
            Metrics/twist/error_vel_yaw: 0.2129
           Episode_Termination/time_out: 0.0000
          Episode_Termination/fell_over: 0.0000
    Episode_Termination/illegal_contact: 1.0000
          Metrics/angular_momentum_mean: 0.5375
             Metrics/slip_velocity_mean: 0.2737
             Metrics/landing_force_mean: 89.4177
--------------------------------------------------------------------------------
                         Iteration time: 7.84s
                           Time elapsed: 00:08:51
                                    ETA: 05:45:25

################################################################################
[1m                           Learning iteration 50/2000                           [0m 

                               Run name: act-pos_pdt20ms_phyDt0p1ms_tauDec4
                            Total steps: 1224 
                       Steps per second: 3 
                        Collection time: 7.700s 
                          Learning time: 0.120s 
                        Mean value loss: 0.0245
                    Mean surrogate loss: -0.1012
                      Mean entropy loss: 17.0600
                            Mean reward: -4.19
                    Mean episode length: 58.05
                        Mean action std: 1.00
   Episode_Reward/track_linear_velocity: 0.0705
  Episode_Reward/track_angular_velocity: 0.0479
     Episode_Reward/body_orientation_l2: -0.0033
                    Episode_Reward/pose: 0.0945
            Episode_Reward/body_ang_vel: -0.0229
        Episode_Reward/angular_momentum: -0.0008
           Episode_Reward/is_terminated: -0.2000
            Episode_Reward/joint_acc_l2: -0.0068
        Episode_Reward/joint_pos_limits: 0.0000
          Episode_Reward/action_rate_l2: -0.1718
               Episode_Reward/foot_gait: 0.0331
          Episode_Reward/foot_clearance: -0.0148
               Episode_Reward/foot_slip: -0.0103
            Episode_Reward/soft_landing: -0.0056
             Episode_Reward/stand_still: 0.0000
        Episode_Metrics/mean_action_acc: 2.0536
             Metrics/twist/error_vel_xy: 0.0641
            Metrics/twist/error_vel_yaw: 0.2129
           Episode_Termination/time_out: 0.0000
          Episode_Termination/fell_over: 0.0000
    Episode_Termination/illegal_contact: 1.0000
          Metrics/angular_momentum_mean: 0.3290
             Metrics/slip_velocity_mean: 0.3301
             Metrics/landing_force_mean: 68.9904
--------------------------------------------------------------------------------
                         Iteration time: 7.82s
                           Time elapsed: 00:08:59
                                    ETA: 05:43:27

################################################################################
[1m                           Learning iteration 51/2000                           [0m 

                               Run name: act-pos_pdt20ms_phyDt0p1ms_tauDec4
                            Total steps: 1248 
                       Steps per second: 2 
                        Collection time: 8.176s 
                          Learning time: 0.115s 
                        Mean value loss: 0.3452
                    Mean surrogate loss: -0.0845
                      Mean entropy loss: 17.0586
                            Mean reward: -4.19
                    Mean episode length: 61.35
                        Mean action std: 1.00
   Episode_Reward/track_linear_velocity: 0.0374
  Episode_Reward/track_angular_velocity: 0.0415
     Episode_Reward/body_orientation_l2: -0.0026
                    Episode_Reward/pose: 0.0946
            Episode_Reward/body_ang_vel: -0.0228
        Episode_Reward/angular_momentum: -0.0009
           Episode_Reward/is_terminated: -0.2000
            Episode_Reward/joint_acc_l2: -0.0068
        Episode_Reward/joint_pos_limits: 0.0000
          Episode_Reward/action_rate_l2: -0.1598
               Episode_Reward/foot_gait: 0.0321
          Episode_Reward/foot_clearance: -0.0143
               Episode_Reward/foot_slip: -0.0091
            Episode_Reward/soft_landing: -0.0047
             Episode_Reward/stand_still: 0.0000
        Episode_Metrics/mean_action_acc: 1.9886
             Metrics/twist/error_vel_xy: 0.1415
            Metrics/twist/error_vel_yaw: 0.2318
           Episode_Termination/time_out: 0.0000
          Episode_Termination/fell_over: 0.0000
    Episode_Termination/illegal_contact: 1.0000
          Metrics/angular_momentum_mean: 0.3594
             Metrics/slip_velocity_mean: 0.3812
             Metrics/landing_force_mean: 35.2855
--------------------------------------------------------------------------------
                         Iteration time: 8.29s
                           Time elapsed: 00:09:07
                                    ETA: 05:41:51

################################################################################
[1m                           Learning iteration 52/2000                           [0m 

                               Run name: act-pos_pdt20ms_phyDt0p1ms_tauDec4
                            Total steps: 1272 
                       Steps per second: 2 
                        Collection time: 11.092s 
                          Learning time: 0.137s 
                        Mean value loss: 0.0494
                    Mean surrogate loss: -0.0956
                      Mean entropy loss: 17.0585
                            Mean reward: -4.19
                    Mean episode length: 61.35
                        Mean action std: 1.00
   Episode_Reward/track_linear_velocity: 0.0344
  Episode_Reward/track_angular_velocity: 0.0409
     Episode_Reward/body_orientation_l2: -0.0025
                    Episode_Reward/pose: 0.0947
            Episode_Reward/body_ang_vel: -0.0228
        Episode_Reward/angular_momentum: -0.0009
           Episode_Reward/is_terminated: -0.2000
            Episode_Reward/joint_acc_l2: -0.0069
        Episode_Reward/joint_pos_limits: 0.0000
          Episode_Reward/action_rate_l2: -0.1587
               Episode_Reward/foot_gait: 0.0320
          Episode_Reward/foot_clearance: -0.0142
               Episode_Reward/foot_slip: -0.0090
            Episode_Reward/soft_landing: -0.0046
             Episode_Reward/stand_still: 0.0000
        Episode_Metrics/mean_action_acc: 1.9827
             Metrics/twist/error_vel_xy: 0.1485
            Metrics/twist/error_vel_yaw: 0.2335
           Episode_Termination/time_out: 0.0000
          Episode_Termination/fell_over: 0.0000
    Episode_Termination/illegal_contact: 1.0000
          Metrics/angular_momentum_mean: 0.6607
             Metrics/slip_velocity_mean: 0.1411
             Metrics/landing_force_mean: 83.0457
--------------------------------------------------------------------------------
                         Iteration time: 11.23s
                           Time elapsed: 00:09:18
                                    ETA: 05:42:06

################################################################################
[1m                           Learning iteration 53/2000                           [0m 

                               Run name: act-pos_pdt20ms_phyDt0p1ms_tauDec4
                            Total steps: 1296 
                       Steps per second: 2 
                        Collection time: 8.792s 
                          Learning time: 0.098s 
                        Mean value loss: 0.0139
                    Mean surrogate loss: -0.0973
                      Mean entropy loss: 17.0604
                            Mean reward: -4.19
                    Mean episode length: 61.35
                        Mean action std: 1.00
   Episode_Reward/track_linear_velocity: 0.0344
  Episode_Reward/track_angular_velocity: 0.0409
     Episode_Reward/body_orientation_l2: -0.0025
                    Episode_Reward/pose: 0.0947
            Episode_Reward/body_ang_vel: -0.0228
        Episode_Reward/angular_momentum: -0.0009
           Episode_Reward/is_terminated: -0.2000
            Episode_Reward/joint_acc_l2: -0.0069
        Episode_Reward/joint_pos_limits: 0.0000
          Episode_Reward/action_rate_l2: -0.1587
               Episode_Reward/foot_gait: 0.0320
          Episode_Reward/foot_clearance: -0.0142
               Episode_Reward/foot_slip: -0.0090
            Episode_Reward/soft_landing: -0.0046
             Episode_Reward/stand_still: 0.0000
        Episode_Metrics/mean_action_acc: 1.9827
             Metrics/twist/error_vel_xy: 0.1485
            Metrics/twist/error_vel_yaw: 0.2335
           Episode_Termination/time_out: 0.0000
          Episode_Termination/fell_over: 0.0000
    Episode_Termination/illegal_contact: 1.0000
          Metrics/angular_momentum_mean: 0.5032
             Metrics/slip_velocity_mean: 0.2436
             Metrics/landing_force_mean: 0.0000
--------------------------------------------------------------------------------
                         Iteration time: 8.89s
                           Time elapsed: 00:09:27
                                    ETA: 05:40:56

################################################################################
[1m                           Learning iteration 54/2000                           [0m 

                               Run name: act-pos_pdt20ms_phyDt0p1ms_tauDec4
                            Total steps: 1320 
                       Steps per second: 2 
                        Collection time: 8.538s 
                          Learning time: 0.118s 
                        Mean value loss: 0.7192
                    Mean surrogate loss: -0.1151
                      Mean entropy loss: 17.0606
                            Mean reward: -4.24
                    Mean episode length: 62.14
                        Mean action std: 1.00
   Episode_Reward/track_linear_velocity: 0.0119
  Episode_Reward/track_angular_velocity: 0.0236
     Episode_Reward/body_orientation_l2: -0.0024
                    Episode_Reward/pose: 0.0698
            Episode_Reward/body_ang_vel: -0.0169
        Episode_Reward/angular_momentum: -0.0005
           Episode_Reward/is_terminated: -0.2000
            Episode_Reward/joint_acc_l2: -0.0053
        Episode_Reward/joint_pos_limits: 0.0000
          Episode_Reward/action_rate_l2: -0.1253
               Episode_Reward/foot_gait: 0.0227
          Episode_Reward/foot_clearance: -0.0111
               Episode_Reward/foot_slip: -0.0079
            Episode_Reward/soft_landing: -0.0039
             Episode_Reward/stand_still: 0.0000
        Episode_Metrics/mean_action_acc: 2.0303
             Metrics/twist/error_vel_xy: 0.1937
            Metrics/twist/error_vel_yaw: 0.2077
           Episode_Termination/time_out: 0.0000
          Episode_Termination/fell_over: 0.0000
    Episode_Termination/illegal_contact: 1.0000
          Metrics/angular_momentum_mean: 0.1842
             Metrics/slip_velocity_mean: 0.1994
             Metrics/landing_force_mean: 0.0000
--------------------------------------------------------------------------------
                         Iteration time: 8.66s
                           Time elapsed: 00:09:36
                                    ETA: 05:39:40

################################################################################
[1m                           Learning iteration 55/2000                           [0m 

                               Run name: act-pos_pdt20ms_phyDt0p1ms_tauDec4
                            Total steps: 1344 
                       Steps per second: 3 
                        Collection time: 7.596s 
                          Learning time: 0.115s 
                        Mean value loss: 0.0378
                    Mean surrogate loss: -0.0824
                      Mean entropy loss: 17.0586
                            Mean reward: -4.24
                    Mean episode length: 62.14
                        Mean action std: 1.00
   Episode_Reward/track_linear_velocity: 0.0006
  Episode_Reward/track_angular_velocity: 0.0150
     Episode_Reward/body_orientation_l2: -0.0023
                    Episode_Reward/pose: 0.0574
            Episode_Reward/body_ang_vel: -0.0139
        Episode_Reward/angular_momentum: -0.0004
           Episode_Reward/is_terminated: -0.2000
            Episode_Reward/joint_acc_l2: -0.0045
        Episode_Reward/joint_pos_limits: 0.0000
          Episode_Reward/action_rate_l2: -0.1085
               Episode_Reward/foot_gait: 0.0181
          Episode_Reward/foot_clearance: -0.0096
               Episode_Reward/foot_slip: -0.0074
            Episode_Reward/soft_landing: -0.0035
             Episode_Reward/stand_still: 0.0000
        Episode_Metrics/mean_action_acc: 2.0541
             Metrics/twist/error_vel_xy: 0.2163
            Metrics/twist/error_vel_yaw: 0.1947
           Episode_Termination/time_out: 0.0000
          Episode_Termination/fell_over: 0.0000
    Episode_Termination/illegal_contact: 1.0000
          Metrics/angular_momentum_mean: 0.6342
             Metrics/slip_velocity_mean: 0.1664
             Metrics/landing_force_mean: 0.0000
--------------------------------------------------------------------------------
                         Iteration time: 7.71s
                           Time elapsed: 00:09:44
                                    ETA: 05:37:53

################################################################################
[1m                           Learning iteration 56/2000                           [0m 

                               Run name: act-pos_pdt20ms_phyDt0p1ms_tauDec4
                            Total steps: 1368 
                       Steps per second: 3 
                        Collection time: 7.772s 
                          Learning time: 0.110s 
                        Mean value loss: 0.0252
                    Mean surrogate loss: -0.0984
                      Mean entropy loss: 17.0586
                            Mean reward: -4.24
                    Mean episode length: 62.14
                        Mean action std: 1.00
   Episode_Reward/track_linear_velocity: 0.0006
  Episode_Reward/track_angular_velocity: 0.0150
     Episode_Reward/body_orientation_l2: -0.0023
                    Episode_Reward/pose: 0.0574
            Episode_Reward/body_ang_vel: -0.0139
        Episode_Reward/angular_momentum: -0.0004
           Episode_Reward/is_terminated: -0.2000
            Episode_Reward/joint_acc_l2: -0.0045
        Episode_Reward/joint_pos_limits: 0.0000
          Episode_Reward/action_rate_l2: -0.1085
               Episode_Reward/foot_gait: 0.0181
          Episode_Reward/foot_clearance: -0.0096
               Episode_Reward/foot_slip: -0.0074
            Episode_Reward/soft_landing: -0.0035
             Episode_Reward/stand_still: 0.0000
        Episode_Metrics/mean_action_acc: 2.0541
             Metrics/twist/error_vel_xy: 0.2163
            Metrics/twist/error_vel_yaw: 0.1947
           Episode_Termination/time_out: 0.0000
          Episode_Termination/fell_over: 0.0000
    Episode_Termination/illegal_contact: 1.0000
          Metrics/angular_momentum_mean: 0.1444
             Metrics/slip_velocity_mean: 0.1123
             Metrics/landing_force_mean: 0.0000
--------------------------------------------------------------------------------
                         Iteration time: 7.88s
                           Time elapsed: 00:09:51
                                    ETA: 05:36:16

################################################################################
[1m                           Learning iteration 57/2000                           [0m 

                               Run name: act-pos_pdt20ms_phyDt0p1ms_tauDec4
                            Total steps: 1392 
                       Steps per second: 3 
                        Collection time: 7.687s 
                          Learning time: 0.098s 
                        Mean value loss: 0.0150
                    Mean surrogate loss: -0.0933
                      Mean entropy loss: 17.0579
                            Mean reward: -4.24
                    Mean episode length: 62.14
                        Mean action std: 1.00
   Episode_Reward/track_linear_velocity: 0.0006
  Episode_Reward/track_angular_velocity: 0.0150
     Episode_Reward/body_orientation_l2: -0.0023
                    Episode_Reward/pose: 0.0574
            Episode_Reward/body_ang_vel: -0.0139
        Episode_Reward/angular_momentum: -0.0004
           Episode_Reward/is_terminated: -0.2000
            Episode_Reward/joint_acc_l2: -0.0045
        Episode_Reward/joint_pos_limits: 0.0000
          Episode_Reward/action_rate_l2: -0.1085
               Episode_Reward/foot_gait: 0.0181
          Episode_Reward/foot_clearance: -0.0096
               Episode_Reward/foot_slip: -0.0074
            Episode_Reward/soft_landing: -0.0035
             Episode_Reward/stand_still: 0.0000
        Episode_Metrics/mean_action_acc: 2.0541
             Metrics/twist/error_vel_xy: 0.2163
            Metrics/twist/error_vel_yaw: 0.1947
           Episode_Termination/time_out: 0.0000
          Episode_Termination/fell_over: 0.0000
    Episode_Termination/illegal_contact: 1.0000
          Metrics/angular_momentum_mean: 0.3927
             Metrics/slip_velocity_mean: 0.4551
             Metrics/landing_force_mean: 0.0000
--------------------------------------------------------------------------------
                         Iteration time: 7.78s
                           Time elapsed: 00:09:59
                                    ETA: 05:34:39

################################################################################
[1m                           Learning iteration 58/2000                           [0m 

                               Run name: act-pos_pdt20ms_phyDt0p1ms_tauDec4
                            Total steps: 1416 
                       Steps per second: 3 
                        Collection time: 7.339s 
                          Learning time: 0.122s 
                        Mean value loss: 0.0222
                    Mean surrogate loss: -0.1004
                      Mean entropy loss: 17.0580
                            Mean reward: -4.24
                    Mean episode length: 62.14
                        Mean action std: 1.00
   Episode_Reward/track_linear_velocity: 0.0006
  Episode_Reward/track_angular_velocity: 0.0150
     Episode_Reward/body_orientation_l2: -0.0023
                    Episode_Reward/pose: 0.0574
            Episode_Reward/body_ang_vel: -0.0139
        Episode_Reward/angular_momentum: -0.0004
           Episode_Reward/is_terminated: -0.2000
            Episode_Reward/joint_acc_l2: -0.0045
        Episode_Reward/joint_pos_limits: 0.0000
          Episode_Reward/action_rate_l2: -0.1085
               Episode_Reward/foot_gait: 0.0181
          Episode_Reward/foot_clearance: -0.0096
               Episode_Reward/foot_slip: -0.0074
            Episode_Reward/soft_landing: -0.0035
             Episode_Reward/stand_still: 0.0000
        Episode_Metrics/mean_action_acc: 2.0541
             Metrics/twist/error_vel_xy: 0.2163
            Metrics/twist/error_vel_yaw: 0.1947
           Episode_Termination/time_out: 0.0000
          Episode_Termination/fell_over: 0.0000
    Episode_Termination/illegal_contact: 1.0000
          Metrics/angular_momentum_mean: 0.6040
             Metrics/slip_velocity_mean: 0.3754
             Metrics/landing_force_mean: 71.2986
--------------------------------------------------------------------------------
                         Iteration time: 7.46s
                           Time elapsed: 00:10:07
                                    ETA: 05:32:54

################################################################################
[1m                           Learning iteration 59/2000                           [0m 

                               Run name: act-pos_pdt20ms_phyDt0p1ms_tauDec4
                            Total steps: 1440 
                       Steps per second: 2 
                        Collection time: 8.089s 
                          Learning time: 0.108s 
                        Mean value loss: 0.0230
                    Mean surrogate loss: -0.0963
                      Mean entropy loss: 17.0580
                            Mean reward: -4.24
                    Mean episode length: 62.14
                        Mean action std: 1.00
   Episode_Reward/track_linear_velocity: 0.0006
  Episode_Reward/track_angular_velocity: 0.0150
     Episode_Reward/body_orientation_l2: -0.0023
                    Episode_Reward/pose: 0.0574
            Episode_Reward/body_ang_vel: -0.0139
        Episode_Reward/angular_momentum: -0.0004
           Episode_Reward/is_terminated: -0.2000
            Episode_Reward/joint_acc_l2: -0.0045
        Episode_Reward/joint_pos_limits: 0.0000
          Episode_Reward/action_rate_l2: -0.1085
               Episode_Reward/foot_gait: 0.0181
          Episode_Reward/foot_clearance: -0.0096
               Episode_Reward/foot_slip: -0.0074
            Episode_Reward/soft_landing: -0.0035
             Episode_Reward/stand_still: 0.0000
        Episode_Metrics/mean_action_acc: 2.0541
             Metrics/twist/error_vel_xy: 0.2163
            Metrics/twist/error_vel_yaw: 0.1947
           Episode_Termination/time_out: 0.0000
          Episode_Termination/fell_over: 0.0000
    Episode_Termination/illegal_contact: 1.0000
          Metrics/angular_momentum_mean: 0.3158
             Metrics/slip_velocity_mean: 0.2133
             Metrics/landing_force_mean: 147.0618
--------------------------------------------------------------------------------
                         Iteration time: 8.20s
                           Time elapsed: 00:10:15
                                    ETA: 05:31:36

################################################################################
[1m                           Learning iteration 60/2000                           [0m 

                               Run name: act-pos_pdt20ms_phyDt0p1ms_tauDec4
                            Total steps: 1464 
                       Steps per second: 3 
                        Collection time: 7.659s 
                          Learning time: 0.121s 
                        Mean value loss: 0.0411
                    Mean surrogate loss: -0.0911
                      Mean entropy loss: 17.0588
                            Mean reward: -4.24
                    Mean episode length: 62.14
                        Mean action std: 1.00
   Episode_Reward/track_linear_velocity: 0.0006
  Episode_Reward/track_angular_velocity: 0.0150
     Episode_Reward/body_orientation_l2: -0.0023
                    Episode_Reward/pose: 0.0574
            Episode_Reward/body_ang_vel: -0.0139
        Episode_Reward/angular_momentum: -0.0004
           Episode_Reward/is_terminated: -0.2000
            Episode_Reward/joint_acc_l2: -0.0045
        Episode_Reward/joint_pos_limits: 0.0000
          Episode_Reward/action_rate_l2: -0.1085
               Episode_Reward/foot_gait: 0.0181
          Episode_Reward/foot_clearance: -0.0096
               Episode_Reward/foot_slip: -0.0074
            Episode_Reward/soft_landing: -0.0035
             Episode_Reward/stand_still: 0.0000
        Episode_Metrics/mean_action_acc: 2.0541
             Metrics/twist/error_vel_xy: 0.2163
            Metrics/twist/error_vel_yaw: 0.1947
           Episode_Termination/time_out: 0.0000
          Episode_Termination/fell_over: 0.0000
    Episode_Termination/illegal_contact: 1.0000
          Metrics/angular_momentum_mean: 0.4057
             Metrics/slip_velocity_mean: 0.2312
             Metrics/landing_force_mean: 0.0000
--------------------------------------------------------------------------------
                         Iteration time: 7.78s
                           Time elapsed: 00:10:23
                                    ETA: 05:30:07

################################################################################
[1m                           Learning iteration 61/2000                           [0m 

                               Run name: act-pos_pdt20ms_phyDt0p1ms_tauDec4
                            Total steps: 1488 
                       Steps per second: 3 
                        Collection time: 7.782s 
                          Learning time: 0.107s 
                        Mean value loss: 1.9109
                    Mean surrogate loss: -0.1189
                      Mean entropy loss: 17.0614
                            Mean reward: -4.35
                    Mean episode length: 67.05
                        Mean action std: 1.00
   Episode_Reward/track_linear_velocity: 0.0628
  Episode_Reward/track_angular_velocity: 0.0535
     Episode_Reward/body_orientation_l2: -0.0035
                    Episode_Reward/pose: 0.0339
            Episode_Reward/body_ang_vel: -0.0236
        Episode_Reward/angular_momentum: -0.0006
           Episode_Reward/is_terminated: -0.2000
            Episode_Reward/joint_acc_l2: -0.0074
        Episode_Reward/joint_pos_limits: 0.0000
          Episode_Reward/action_rate_l2: -0.1851
               Episode_Reward/foot_gait: 0.0076
          Episode_Reward/foot_clearance: -0.0040
               Episode_Reward/foot_slip: -0.0031
            Episode_Reward/soft_landing: -0.0015
             Episode_Reward/stand_still: -0.0291
        Episode_Metrics/mean_action_acc: 2.0850
             Metrics/twist/error_vel_xy: 0.1384
            Metrics/twist/error_vel_yaw: 0.1995
           Episode_Termination/time_out: 0.0000
          Episode_Termination/fell_over: 0.0000
    Episode_Termination/illegal_contact: 1.0000
          Metrics/angular_momentum_mean: 0.5313
             Metrics/slip_velocity_mean: 0.2064
             Metrics/landing_force_mean: 24.2810
--------------------------------------------------------------------------------
                         Iteration time: 7.89s
                           Time elapsed: 00:10:31
                                    ETA: 05:28:44

################################################################################
[1m                           Learning iteration 62/2000                           [0m 

                               Run name: act-pos_pdt20ms_phyDt0p1ms_tauDec4
                            Total steps: 1512 
                       Steps per second: 3 
                        Collection time: 7.629s 
                          Learning time: 0.126s 
                        Mean value loss: 0.9267
                    Mean surrogate loss: -0.0868
                      Mean entropy loss: 17.0628
                            Mean reward: -4.35
                    Mean episode length: 65.70
                        Mean action std: 1.00
   Episode_Reward/track_linear_velocity: 0.0987
  Episode_Reward/track_angular_velocity: 0.0748
     Episode_Reward/body_orientation_l2: -0.0041
                    Episode_Reward/pose: 0.0179
            Episode_Reward/body_ang_vel: -0.0287
        Episode_Reward/angular_momentum: -0.0008
           Episode_Reward/is_terminated: -0.2000
            Episode_Reward/joint_acc_l2: -0.0089
        Episode_Reward/joint_pos_limits: 0.0000
          Episode_Reward/action_rate_l2: -0.2236
               Episode_Reward/foot_gait: 0.0007
          Episode_Reward/foot_clearance: -0.0003
               Episode_Reward/foot_slip: -0.0002
            Episode_Reward/soft_landing: -0.0001
             Episode_Reward/stand_still: -0.0457
        Episode_Metrics/mean_action_acc: 2.0933
             Metrics/twist/error_vel_xy: 0.0807
            Metrics/twist/error_vel_yaw: 0.1927
           Episode_Termination/time_out: 0.0000
          Episode_Termination/fell_over: 0.0000
    Episode_Termination/illegal_contact: 1.0000
          Metrics/angular_momentum_mean: 0.2196
             Metrics/slip_velocity_mean: 0.2552
             Metrics/landing_force_mean: 0.0000
--------------------------------------------------------------------------------
                         Iteration time: 7.75s
                           Time elapsed: 00:10:38
                                    ETA: 05:27:19

################################################################################
[1m                           Learning iteration 63/2000                           [0m 

                               Run name: act-pos_pdt20ms_phyDt0p1ms_tauDec4
                            Total steps: 1536 
                       Steps per second: 3 
                        Collection time: 7.684s 
                          Learning time: 0.102s 
                        Mean value loss: 0.0354
                    Mean surrogate loss: -0.0948
                      Mean entropy loss: 17.0638
                            Mean reward: -4.35
                    Mean episode length: 65.70
                        Mean action std: 1.00
   Episode_Reward/track_linear_velocity: 0.0042
  Episode_Reward/track_angular_velocity: 0.0074
     Episode_Reward/body_orientation_l2: -0.0006
                    Episode_Reward/pose: 0.0266
            Episode_Reward/body_ang_vel: -0.0086
        Episode_Reward/angular_momentum: -0.0002
           Episode_Reward/is_terminated: -0.2000
            Episode_Reward/joint_acc_l2: -0.0020
        Episode_Reward/joint_pos_limits: 0.0000
          Episode_Reward/action_rate_l2: -0.0452
               Episode_Reward/foot_gait: 0.0084
          Episode_Reward/foot_clearance: -0.0039
               Episode_Reward/foot_slip: -0.0029
            Episode_Reward/soft_landing: -0.0017
             Episode_Reward/stand_still: 0.0000
        Episode_Metrics/mean_action_acc: 1.9418
             Metrics/twist/error_vel_xy: 0.0584
            Metrics/twist/error_vel_yaw: 0.0804
           Episode_Termination/time_out: 0.0000
          Episode_Termination/fell_over: 0.0000
    Episode_Termination/illegal_contact: 1.0000
          Metrics/angular_momentum_mean: 0.3184
             Metrics/slip_velocity_mean: 0.1523
             Metrics/landing_force_mean: 0.0000
--------------------------------------------------------------------------------
                         Iteration time: 7.79s
                           Time elapsed: 00:10:46
                                    ETA: 05:25:58

################################################################################
[1m                           Learning iteration 64/2000                           [0m 

                               Run name: act-pos_pdt20ms_phyDt0p1ms_tauDec4
                            Total steps: 1560 
                       Steps per second: 3 
                        Collection time: 7.237s 
                          Learning time: 0.099s 
                        Mean value loss: 0.0306
                    Mean surrogate loss: -0.1020
                      Mean entropy loss: 17.0628
                            Mean reward: -4.35
                    Mean episode length: 65.70
                        Mean action std: 1.00
   Episode_Reward/track_linear_velocity: 0.0042
  Episode_Reward/track_angular_velocity: 0.0074
     Episode_Reward/body_orientation_l2: -0.0006
                    Episode_Reward/pose: 0.0266
            Episode_Reward/body_ang_vel: -0.0086
        Episode_Reward/angular_momentum: -0.0002
           Episode_Reward/is_terminated: -0.2000
            Episode_Reward/joint_acc_l2: -0.0020
        Episode_Reward/joint_pos_limits: 0.0000
          Episode_Reward/action_rate_l2: -0.0452
               Episode_Reward/foot_gait: 0.0084
          Episode_Reward/foot_clearance: -0.0039
               Episode_Reward/foot_slip: -0.0029
            Episode_Reward/soft_landing: -0.0017
             Episode_Reward/stand_still: 0.0000
        Episode_Metrics/mean_action_acc: 1.9418
             Metrics/twist/error_vel_xy: 0.0584
            Metrics/twist/error_vel_yaw: 0.0804
           Episode_Termination/time_out: 0.0000
          Episode_Termination/fell_over: 0.0000
    Episode_Termination/illegal_contact: 1.0000
          Metrics/angular_momentum_mean: 0.3658
             Metrics/slip_velocity_mean: 0.2616
             Metrics/landing_force_mean: 81.9419
--------------------------------------------------------------------------------
                         Iteration time: 7.34s
                           Time elapsed: 00:10:53
                                    ETA: 05:24:25

################################################################################
[1m                           Learning iteration 65/2000                           [0m 

                               Run name: act-pos_pdt20ms_phyDt0p1ms_tauDec4
                            Total steps: 1584 
                       Steps per second: 3 
                        Collection time: 7.227s 
                          Learning time: 0.120s 
                        Mean value loss: 0.0174
                    Mean surrogate loss: -0.0982
                      Mean entropy loss: 17.0609
                            Mean reward: -4.35
                    Mean episode length: 65.70
                        Mean action std: 1.00
   Episode_Reward/track_linear_velocity: 0.0042
  Episode_Reward/track_angular_velocity: 0.0074
     Episode_Reward/body_orientation_l2: -0.0006
                    Episode_Reward/pose: 0.0266
            Episode_Reward/body_ang_vel: -0.0086
        Episode_Reward/angular_momentum: -0.0002
           Episode_Reward/is_terminated: -0.2000
            Episode_Reward/joint_acc_l2: -0.0020
        Episode_Reward/joint_pos_limits: 0.0000
          Episode_Reward/action_rate_l2: -0.0452
               Episode_Reward/foot_gait: 0.0084
          Episode_Reward/foot_clearance: -0.0039
               Episode_Reward/foot_slip: -0.0029
            Episode_Reward/soft_landing: -0.0017
             Episode_Reward/stand_still: 0.0000
        Episode_Metrics/mean_action_acc: 1.9418
             Metrics/twist/error_vel_xy: 0.0584
            Metrics/twist/error_vel_yaw: 0.0804
           Episode_Termination/time_out: 0.0000
          Episode_Termination/fell_over: 0.0000
    Episode_Termination/illegal_contact: 1.0000
          Metrics/angular_momentum_mean: 0.5823
             Metrics/slip_velocity_mean: 0.4302
             Metrics/landing_force_mean: 102.7280
--------------------------------------------------------------------------------
                         Iteration time: 7.35s
                           Time elapsed: 00:11:01
                                    ETA: 05:22:56

################################################################################
[1m                           Learning iteration 66/2000                           [0m 

                               Run name: act-pos_pdt20ms_phyDt0p1ms_tauDec4
                            Total steps: 1608 
                       Steps per second: 3 
                        Collection time: 7.301s 
                          Learning time: 0.107s 
                        Mean value loss: 0.0367
                    Mean surrogate loss: -0.1042
                      Mean entropy loss: 17.0622
                            Mean reward: -4.35
                    Mean episode length: 65.70
                        Mean action std: 1.00
   Episode_Reward/track_linear_velocity: 0.0042
  Episode_Reward/track_angular_velocity: 0.0074
     Episode_Reward/body_orientation_l2: -0.0006
                    Episode_Reward/pose: 0.0266
            Episode_Reward/body_ang_vel: -0.0086
        Episode_Reward/angular_momentum: -0.0002
           Episode_Reward/is_terminated: -0.2000
            Episode_Reward/joint_acc_l2: -0.0020
        Episode_Reward/joint_pos_limits: 0.0000
          Episode_Reward/action_rate_l2: -0.0452
               Episode_Reward/foot_gait: 0.0084
          Episode_Reward/foot_clearance: -0.0039
               Episode_Reward/foot_slip: -0.0029
            Episode_Reward/soft_landing: -0.0017
             Episode_Reward/stand_still: 0.0000
        Episode_Metrics/mean_action_acc: 1.9418
             Metrics/twist/error_vel_xy: 0.0584
            Metrics/twist/error_vel_yaw: 0.0804
           Episode_Termination/time_out: 0.0000
          Episode_Termination/fell_over: 0.0000
    Episode_Termination/illegal_contact: 1.0000
          Metrics/angular_momentum_mean: 0.4472
             Metrics/slip_velocity_mean: 0.1457
             Metrics/landing_force_mean: 0.0000
--------------------------------------------------------------------------------
                         Iteration time: 7.41s
                           Time elapsed: 00:11:08
                                    ETA: 05:21:31

################################################################################
[1m                           Learning iteration 67/2000                           [0m 

                               Run name: act-pos_pdt20ms_phyDt0p1ms_tauDec4
                            Total steps: 1632 
                       Steps per second: 3 
                        Collection time: 7.267s 
                          Learning time: 0.111s 
                        Mean value loss: 0.0215
                    Mean surrogate loss: -0.1067
                      Mean entropy loss: 17.0633
                            Mean reward: -4.35
                    Mean episode length: 65.70
                        Mean action std: 1.00
   Episode_Reward/track_linear_velocity: 0.0042
  Episode_Reward/track_angular_velocity: 0.0074
     Episode_Reward/body_orientation_l2: -0.0006
                    Episode_Reward/pose: 0.0266
            Episode_Reward/body_ang_vel: -0.0086
        Episode_Reward/angular_momentum: -0.0002
           Episode_Reward/is_terminated: -0.2000
            Episode_Reward/joint_acc_l2: -0.0020
        Episode_Reward/joint_pos_limits: 0.0000
          Episode_Reward/action_rate_l2: -0.0452
               Episode_Reward/foot_gait: 0.0084
          Episode_Reward/foot_clearance: -0.0039
               Episode_Reward/foot_slip: -0.0029
            Episode_Reward/soft_landing: -0.0017
             Episode_Reward/stand_still: 0.0000
        Episode_Metrics/mean_action_acc: 1.9418
             Metrics/twist/error_vel_xy: 0.0584
            Metrics/twist/error_vel_yaw: 0.0804
           Episode_Termination/time_out: 0.0000
          Episode_Termination/fell_over: 0.0000
    Episode_Termination/illegal_contact: 1.0000
          Metrics/angular_momentum_mean: 0.1863
             Metrics/slip_velocity_mean: 0.5281
             Metrics/landing_force_mean: 41.8160
--------------------------------------------------------------------------------
                         Iteration time: 7.38s
                           Time elapsed: 00:11:16
                                    ETA: 05:20:07

################################################################################
[1m                           Learning iteration 68/2000                           [0m 

                               Run name: act-pos_pdt20ms_phyDt0p1ms_tauDec4
                            Total steps: 1656 
                       Steps per second: 2 
                        Collection time: 8.032s 
                          Learning time: 0.167s 
                        Mean value loss: 0.1975
                    Mean surrogate loss: -0.0878
                      Mean entropy loss: 17.0638
                            Mean reward: -4.33
                    Mean episode length: 68.12
                        Mean action std: 1.00
   Episode_Reward/track_linear_velocity: 0.0108
  Episode_Reward/track_angular_velocity: 0.0648
     Episode_Reward/body_orientation_l2: -0.0018
                    Episode_Reward/pose: 0.0935
            Episode_Reward/body_ang_vel: -0.0201
        Episode_Reward/angular_momentum: -0.0006
           Episode_Reward/is_terminated: -0.2000
            Episode_Reward/joint_acc_l2: -0.0056
        Episode_Reward/joint_pos_limits: 0.0000
          Episode_Reward/action_rate_l2: -0.1453
               Episode_Reward/foot_gait: 0.0305
          Episode_Reward/foot_clearance: -0.0139
               Episode_Reward/foot_slip: -0.0092
            Episode_Reward/soft_landing: -0.0050
             Episode_Reward/stand_still: 0.0000
        Episode_Metrics/mean_action_acc: 1.9584
             Metrics/twist/error_vel_xy: 0.2206
            Metrics/twist/error_vel_yaw: 0.1075
           Episode_Termination/time_out: 0.0000
          Episode_Termination/fell_over: 0.0000
    Episode_Termination/illegal_contact: 1.0000
          Metrics/angular_momentum_mean: 0.7718
             Metrics/slip_velocity_mean: 0.1691
             Metrics/landing_force_mean: 48.7091
--------------------------------------------------------------------------------
                         Iteration time: 8.20s
                           Time elapsed: 00:11:24
                                    ETA: 05:19:08

################################################################################
[1m                           Learning iteration 69/2000                           [0m 

                               Run name: act-pos_pdt20ms_phyDt0p1ms_tauDec4
                            Total steps: 1680 
                       Steps per second: 2 
                        Collection time: 11.473s 
                          Learning time: 0.141s 
                        Mean value loss: 0.0715
                    Mean surrogate loss: -0.1078
                      Mean entropy loss: 17.0652
                            Mean reward: -4.33
                    Mean episode length: 68.12
                        Mean action std: 1.00
   Episode_Reward/track_linear_velocity: 0.0114
  Episode_Reward/track_angular_velocity: 0.0700
     Episode_Reward/body_orientation_l2: -0.0019
                    Episode_Reward/pose: 0.0995
            Episode_Reward/body_ang_vel: -0.0211
        Episode_Reward/angular_momentum: -0.0006
           Episode_Reward/is_terminated: -0.2000
            Episode_Reward/joint_acc_l2: -0.0059
        Episode_Reward/joint_pos_limits: 0.0000
          Episode_Reward/action_rate_l2: -0.1544
               Episode_Reward/foot_gait: 0.0325
          Episode_Reward/foot_clearance: -0.0148
               Episode_Reward/foot_slip: -0.0098
            Episode_Reward/soft_landing: -0.0053
             Episode_Reward/stand_still: 0.0000
        Episode_Metrics/mean_action_acc: 1.9599
             Metrics/twist/error_vel_xy: 0.2353
            Metrics/twist/error_vel_yaw: 0.1099
           Episode_Termination/time_out: 0.0000
          Episode_Termination/fell_over: 0.0000
    Episode_Termination/illegal_contact: 1.0000
          Metrics/angular_momentum_mean: 0.3494
             Metrics/slip_velocity_mean: 0.2251
             Metrics/landing_force_mean: 0.0000
--------------------------------------------------------------------------------
                         Iteration time: 11.61s
                           Time elapsed: 00:11:35
                                    ETA: 05:19:45

################################################################################
[1m                           Learning iteration 70/2000                           [0m 

                               Run name: act-pos_pdt20ms_phyDt0p1ms_tauDec4
                            Total steps: 1704 
                       Steps per second: 2 
                        Collection time: 10.027s 
                          Learning time: 0.173s 
                        Mean value loss: 0.0941
                    Mean surrogate loss: -0.1010
                      Mean entropy loss: 17.0678
                            Mean reward: -4.33
                    Mean episode length: 68.12
                        Mean action std: 1.00
   Episode_Reward/track_linear_velocity: 0.0114
  Episode_Reward/track_angular_velocity: 0.0700
     Episode_Reward/body_orientation_l2: -0.0019
                    Episode_Reward/pose: 0.0995
            Episode_Reward/body_ang_vel: -0.0211
        Episode_Reward/angular_momentum: -0.0006
           Episode_Reward/is_terminated: -0.2000
            Episode_Reward/joint_acc_l2: -0.0059
        Episode_Reward/joint_pos_limits: 0.0000
          Episode_Reward/action_rate_l2: -0.1544
               Episode_Reward/foot_gait: 0.0325
          Episode_Reward/foot_clearance: -0.0148
               Episode_Reward/foot_slip: -0.0098
            Episode_Reward/soft_landing: -0.0053
             Episode_Reward/stand_still: 0.0000
        Episode_Metrics/mean_action_acc: 1.9599
             Metrics/twist/error_vel_xy: 0.2353
            Metrics/twist/error_vel_yaw: 0.1099
           Episode_Termination/time_out: 0.0000
          Episode_Termination/fell_over: 0.0000
    Episode_Termination/illegal_contact: 1.0000
          Metrics/angular_momentum_mean: 0.3421
             Metrics/slip_velocity_mean: 0.0046
             Metrics/landing_force_mean: 0.0000
--------------------------------------------------------------------------------
                         Iteration time: 10.20s
                           Time elapsed: 00:11:46
                                    ETA: 05:19:42

################################################################################
[1m                           Learning iteration 71/2000                           [0m 

                               Run name: act-pos_pdt20ms_phyDt0p1ms_tauDec4
                            Total steps: 1728 
                       Steps per second: 2 
                        Collection time: 9.702s 
                          Learning time: 0.105s 
                        Mean value loss: 0.0229
                    Mean surrogate loss: -0.0868
                      Mean entropy loss: 17.0707
                            Mean reward: -4.33
                    Mean episode length: 68.12
                        Mean action std: 1.00
   Episode_Reward/track_linear_velocity: 0.0114
  Episode_Reward/track_angular_velocity: 0.0700
     Episode_Reward/body_orientation_l2: -0.0019
                    Episode_Reward/pose: 0.0995
            Episode_Reward/body_ang_vel: -0.0211
        Episode_Reward/angular_momentum: -0.0006
           Episode_Reward/is_terminated: -0.2000
            Episode_Reward/joint_acc_l2: -0.0059
        Episode_Reward/joint_pos_limits: 0.0000
          Episode_Reward/action_rate_l2: -0.1544
               Episode_Reward/foot_gait: 0.0325
          Episode_Reward/foot_clearance: -0.0148
               Episode_Reward/foot_slip: -0.0098
            Episode_Reward/soft_landing: -0.0053
             Episode_Reward/stand_still: 0.0000
        Episode_Metrics/mean_action_acc: 1.9599
             Metrics/twist/error_vel_xy: 0.2353
            Metrics/twist/error_vel_yaw: 0.1099
           Episode_Termination/time_out: 0.0000
          Episode_Termination/fell_over: 0.0000
    Episode_Termination/illegal_contact: 1.0000
          Metrics/angular_momentum_mean: 0.6631
             Metrics/slip_velocity_mean: 0.2285
             Metrics/landing_force_mean: 0.0000
--------------------------------------------------------------------------------
                         Iteration time: 9.81s
                           Time elapsed: 00:11:55
                                    ETA: 05:19:28

################################################################################
[1m                           Learning iteration 72/2000                           [0m 

                               Run name: act-pos_pdt20ms_phyDt0p1ms_tauDec4
                            Total steps: 1752 
                       Steps per second: 2 
                        Collection time: 9.571s 
                          Learning time: 0.168s 
                        Mean value loss: 0.7841
                    Mean surrogate loss: -0.0859
                      Mean entropy loss: 17.0722
                            Mean reward: -4.36
                    Mean episode length: 69.24
                        Mean action std: 1.00
   Episode_Reward/track_linear_velocity: 0.0105
  Episode_Reward/track_angular_velocity: 0.0324
     Episode_Reward/body_orientation_l2: -0.0034
                    Episode_Reward/pose: 0.0707
            Episode_Reward/body_ang_vel: -0.0186
        Episode_Reward/angular_momentum: -0.0007
           Episode_Reward/is_terminated: -0.2000
            Episode_Reward/joint_acc_l2: -0.0056
        Episode_Reward/joint_pos_limits: 0.0000
          Episode_Reward/action_rate_l2: -0.1347
               Episode_Reward/foot_gait: 0.0256
          Episode_Reward/foot_clearance: -0.0133
               Episode_Reward/foot_slip: -0.0079
            Episode_Reward/soft_landing: -0.0033
             Episode_Reward/stand_still: 0.0000
        Episode_Metrics/mean_action_acc: 2.0569
             Metrics/twist/error_vel_xy: 0.1853
            Metrics/twist/error_vel_yaw: 0.1876
           Episode_Termination/time_out: 0.0000
          Episode_Termination/fell_over: 0.0000
    Episode_Termination/illegal_contact: 1.0000
          Metrics/angular_momentum_mean: 0.5081
             Metrics/slip_velocity_mean: 0.1287
             Metrics/landing_force_mean: 0.0000
--------------------------------------------------------------------------------
                         Iteration time: 9.74s
                           Time elapsed: 00:12:05
                                    ETA: 05:19:13

################################################################################
[1m                           Learning iteration 73/2000                           [0m 

                               Run name: act-pos_pdt20ms_phyDt0p1ms_tauDec4
                            Total steps: 1776 
                       Steps per second: 2 
                        Collection time: 9.475s 
                          Learning time: 0.117s 
                        Mean value loss: 0.0522
                    Mean surrogate loss: -0.1013
                      Mean entropy loss: 17.0731
                            Mean reward: -4.36
                    Mean episode length: 69.24
                        Mean action std: 1.00
   Episode_Reward/track_linear_velocity: 0.0105
  Episode_Reward/track_angular_velocity: 0.0290
     Episode_Reward/body_orientation_l2: -0.0036
                    Episode_Reward/pose: 0.0681
            Episode_Reward/body_ang_vel: -0.0184
        Episode_Reward/angular_momentum: -0.0007
           Episode_Reward/is_terminated: -0.2000
            Episode_Reward/joint_acc_l2: -0.0056
        Episode_Reward/joint_pos_limits: 0.0000
          Episode_Reward/action_rate_l2: -0.1329
               Episode_Reward/foot_gait: 0.0250
          Episode_Reward/foot_clearance: -0.0132
               Episode_Reward/foot_slip: -0.0077
            Episode_Reward/soft_landing: -0.0031
             Episode_Reward/stand_still: 0.0000
        Episode_Metrics/mean_action_acc: 2.0657
             Metrics/twist/error_vel_xy: 0.1807
            Metrics/twist/error_vel_yaw: 0.1947
           Episode_Termination/time_out: 0.0000
          Episode_Termination/fell_over: 0.0000
    Episode_Termination/illegal_contact: 1.0000
          Metrics/angular_momentum_mean: 0.2177
             Metrics/slip_velocity_mean: 0.0000
             Metrics/landing_force_mean: 0.0000
--------------------------------------------------------------------------------
                         Iteration time: 9.59s
                           Time elapsed: 00:12:15
                                    ETA: 05:18:54

################################################################################
[1m                           Learning iteration 74/2000                           [0m 

                               Run name: act-pos_pdt20ms_phyDt0p1ms_tauDec4
                            Total steps: 1800 
                       Steps per second: 2 
                        Collection time: 9.619s 
                          Learning time: 0.188s 
                        Mean value loss: 0.0266
                    Mean surrogate loss: -0.1070
                      Mean entropy loss: 17.0740
                            Mean reward: -4.36
                    Mean episode length: 69.24
                        Mean action std: 1.00
   Episode_Reward/track_linear_velocity: 0.0105
  Episode_Reward/track_angular_velocity: 0.0290
     Episode_Reward/body_orientation_l2: -0.0036
                    Episode_Reward/pose: 0.0681
            Episode_Reward/body_ang_vel: -0.0184
        Episode_Reward/angular_momentum: -0.0007
           Episode_Reward/is_terminated: -0.2000
            Episode_Reward/joint_acc_l2: -0.0056
        Episode_Reward/joint_pos_limits: 0.0000
          Episode_Reward/action_rate_l2: -0.1329
               Episode_Reward/foot_gait: 0.0250
          Episode_Reward/foot_clearance: -0.0132
               Episode_Reward/foot_slip: -0.0077
            Episode_Reward/soft_landing: -0.0031
             Episode_Reward/stand_still: 0.0000
        Episode_Metrics/mean_action_acc: 2.0657
             Metrics/twist/error_vel_xy: 0.1807
            Metrics/twist/error_vel_yaw: 0.1947
           Episode_Termination/time_out: 0.0000
          Episode_Termination/fell_over: 0.0000
    Episode_Termination/illegal_contact: 1.0000
          Metrics/angular_momentum_mean: 0.4856
             Metrics/slip_velocity_mean: 0.0000
             Metrics/landing_force_mean: 0.0000
--------------------------------------------------------------------------------
                         Iteration time: 9.81s
                           Time elapsed: 00:12:24
                                    ETA: 05:18:41

################################################################################
[1m                           Learning iteration 75/2000                           [0m 

                               Run name: act-pos_pdt20ms_phyDt0p1ms_tauDec4
                            Total steps: 1824 
                       Steps per second: 2 
                        Collection time: 8.382s 
                          Learning time: 0.106s 
                        Mean value loss: 0.0455
                    Mean surrogate loss: -0.0970
                      Mean entropy loss: 17.0728
                            Mean reward: -4.36
                    Mean episode length: 69.24
                        Mean action std: 1.00
   Episode_Reward/track_linear_velocity: 0.0105
  Episode_Reward/track_angular_velocity: 0.0290
     Episode_Reward/body_orientation_l2: -0.0036
                    Episode_Reward/pose: 0.0681
            Episode_Reward/body_ang_vel: -0.0184
        Episode_Reward/angular_momentum: -0.0007
           Episode_Reward/is_terminated: -0.2000
            Episode_Reward/joint_acc_l2: -0.0056
        Episode_Reward/joint_pos_limits: 0.0000
          Episode_Reward/action_rate_l2: -0.1329
               Episode_Reward/foot_gait: 0.0250
          Episode_Reward/foot_clearance: -0.0132
               Episode_Reward/foot_slip: -0.0077
            Episode_Reward/soft_landing: -0.0031
             Episode_Reward/stand_still: 0.0000
        Episode_Metrics/mean_action_acc: 2.0657
             Metrics/twist/error_vel_xy: 0.1807
            Metrics/twist/error_vel_yaw: 0.1947
           Episode_Termination/time_out: 0.0000
          Episode_Termination/fell_over: 0.0000
    Episode_Termination/illegal_contact: 1.0000
          Metrics/angular_momentum_mean: 1.1215
             Metrics/slip_velocity_mean: 0.2609
             Metrics/landing_force_mean: 43.2754
--------------------------------------------------------------------------------
                         Iteration time: 8.49s
                           Time elapsed: 00:12:33
                                    ETA: 05:17:54

################################################################################
[1m                           Learning iteration 76/2000                           [0m 

                               Run name: act-pos_pdt20ms_phyDt0p1ms_tauDec4
                            Total steps: 1848 
                       Steps per second: 2 
                        Collection time: 9.823s 
                          Learning time: 0.196s 
                        Mean value loss: 0.0201
                    Mean surrogate loss: -0.1098
                      Mean entropy loss: 17.0709
                            Mean reward: -4.36
                    Mean episode length: 69.24
                        Mean action std: 1.00
   Episode_Reward/track_linear_velocity: 0.0105
  Episode_Reward/track_angular_velocity: 0.0290
     Episode_Reward/body_orientation_l2: -0.0036
                    Episode_Reward/pose: 0.0681
            Episode_Reward/body_ang_vel: -0.0184
        Episode_Reward/angular_momentum: -0.0007
           Episode_Reward/is_terminated: -0.2000
            Episode_Reward/joint_acc_l2: -0.0056
        Episode_Reward/joint_pos_limits: 0.0000
          Episode_Reward/action_rate_l2: -0.1329
               Episode_Reward/foot_gait: 0.0250
          Episode_Reward/foot_clearance: -0.0132
               Episode_Reward/foot_slip: -0.0077
            Episode_Reward/soft_landing: -0.0031
             Episode_Reward/stand_still: 0.0000
        Episode_Metrics/mean_action_acc: 2.0657
             Metrics/twist/error_vel_xy: 0.1807
            Metrics/twist/error_vel_yaw: 0.1947
           Episode_Termination/time_out: 0.0000
          Episode_Termination/fell_over: 0.0000
    Episode_Termination/illegal_contact: 1.0000
          Metrics/angular_momentum_mean: 0.5332
             Metrics/slip_velocity_mean: 0.3057
             Metrics/landing_force_mean: 0.0000
--------------------------------------------------------------------------------
                         Iteration time: 10.02s
                           Time elapsed: 00:12:43
                                    ETA: 05:17:47

################################################################################
[1m                           Learning iteration 77/2000                           [0m 

                               Run name: act-pos_pdt20ms_phyDt0p1ms_tauDec4
                            Total steps: 1872 
                       Steps per second: 2 
                        Collection time: 10.023s 
                          Learning time: 0.170s 
                        Mean value loss: 0.0123
                    Mean surrogate loss: -0.0953
                      Mean entropy loss: 17.0702
                            Mean reward: -4.36
                    Mean episode length: 69.24
                        Mean action std: 1.00
   Episode_Reward/track_linear_velocity: 0.0105
  Episode_Reward/track_angular_velocity: 0.0290
     Episode_Reward/body_orientation_l2: -0.0036
                    Episode_Reward/pose: 0.0681
            Episode_Reward/body_ang_vel: -0.0184
        Episode_Reward/angular_momentum: -0.0007
           Episode_Reward/is_terminated: -0.2000
            Episode_Reward/joint_acc_l2: -0.0056
        Episode_Reward/joint_pos_limits: 0.0000
          Episode_Reward/action_rate_l2: -0.1329
               Episode_Reward/foot_gait: 0.0250
          Episode_Reward/foot_clearance: -0.0132
               Episode_Reward/foot_slip: -0.0077
            Episode_Reward/soft_landing: -0.0031
             Episode_Reward/stand_still: 0.0000
        Episode_Metrics/mean_action_acc: 2.0657
             Metrics/twist/error_vel_xy: 0.1807
            Metrics/twist/error_vel_yaw: 0.1947
           Episode_Termination/time_out: 0.0000
          Episode_Termination/fell_over: 0.0000
    Episode_Termination/illegal_contact: 1.0000
          Metrics/angular_momentum_mean: 0.7807
             Metrics/slip_velocity_mean: 0.1233
             Metrics/landing_force_mean: 106.2767
--------------------------------------------------------------------------------
                         Iteration time: 10.19s
                           Time elapsed: 00:12:53
                                    ETA: 05:17:44

################################################################################
[1m                           Learning iteration 78/2000                           [0m 

                               Run name: act-pos_pdt20ms_phyDt0p1ms_tauDec4
                            Total steps: 1896 
                       Steps per second: 2 
                        Collection time: 9.780s 
                          Learning time: 0.157s 
                        Mean value loss: 2.0379
                    Mean surrogate loss: -0.1004
                      Mean entropy loss: 17.0699
                            Mean reward: -4.39
                    Mean episode length: 72.65
                        Mean action std: 1.00
   Episode_Reward/track_linear_velocity: 0.0338
  Episode_Reward/track_angular_velocity: 0.0339
     Episode_Reward/body_orientation_l2: -0.0048
                    Episode_Reward/pose: 0.0805
            Episode_Reward/body_ang_vel: -0.0236
        Episode_Reward/angular_momentum: -0.0008
           Episode_Reward/is_terminated: -0.2000
            Episode_Reward/joint_acc_l2: -0.0072
        Episode_Reward/joint_pos_limits: 0.0000
          Episode_Reward/action_rate_l2: -0.1657
               Episode_Reward/foot_gait: 0.0296
          Episode_Reward/foot_clearance: -0.0163
               Episode_Reward/foot_slip: -0.0093
            Episode_Reward/soft_landing: -0.0043
             Episode_Reward/stand_still: 0.0000
        Episode_Metrics/mean_action_acc: 2.0926
             Metrics/twist/error_vel_xy: 0.1540
            Metrics/twist/error_vel_yaw: 0.2295
           Episode_Termination/time_out: 0.0000
          Episode_Termination/fell_over: 0.0000
    Episode_Termination/illegal_contact: 1.0000
          Metrics/angular_momentum_mean: 0.3629
             Metrics/slip_velocity_mean: 0.2090
             Metrics/landing_force_mean: 78.7467
--------------------------------------------------------------------------------
                         Iteration time: 9.94s
                           Time elapsed: 00:13:03
                                    ETA: 05:17:34

################################################################################
[1m                           Learning iteration 79/2000                           [0m 

                               Run name: act-pos_pdt20ms_phyDt0p1ms_tauDec4
                            Total steps: 1920 
                       Steps per second: 1 
                        Collection time: 12.077s 
                          Learning time: 0.115s 
                        Mean value loss: 0.0071
                    Mean surrogate loss: -0.1134
                      Mean entropy loss: 17.0668
                            Mean reward: -4.39
                    Mean episode length: 72.65
                        Mean action std: 1.00
   Episode_Reward/track_linear_velocity: 0.0805
  Episode_Reward/track_angular_velocity: 0.0438
     Episode_Reward/body_orientation_l2: -0.0073
                    Episode_Reward/pose: 0.1055
            Episode_Reward/body_ang_vel: -0.0342
        Episode_Reward/angular_momentum: -0.0011
           Episode_Reward/is_terminated: -0.2000
            Episode_Reward/joint_acc_l2: -0.0103
        Episode_Reward/joint_pos_limits: 0.0000
          Episode_Reward/action_rate_l2: -0.2313
               Episode_Reward/foot_gait: 0.0387
          Episode_Reward/foot_clearance: -0.0225
               Episode_Reward/foot_slip: -0.0124
            Episode_Reward/soft_landing: -0.0065
             Episode_Reward/stand_still: 0.0000
        Episode_Metrics/mean_action_acc: 2.1463
             Metrics/twist/error_vel_xy: 0.1006
            Metrics/twist/error_vel_yaw: 0.2991
           Episode_Termination/time_out: 0.0000
          Episode_Termination/fell_over: 0.0000
    Episode_Termination/illegal_contact: 1.0000
          Metrics/angular_momentum_mean: 0.3525
             Metrics/slip_velocity_mean: 0.1867
             Metrics/landing_force_mean: 0.0000
--------------------------------------------------------------------------------
                         Iteration time: 12.19s
                           Time elapsed: 00:13:15
                                    ETA: 05:18:19

################################################################################
[1m                           Learning iteration 80/2000                           [0m 

                               Run name: act-pos_pdt20ms_phyDt0p1ms_tauDec4
                            Total steps: 1944 
                       Steps per second: 1 
                        Collection time: 12.727s 
                          Learning time: 0.192s 
                        Mean value loss: 0.0243
                    Mean surrogate loss: -0.0968
                      Mean entropy loss: 17.0644
                            Mean reward: -4.39
                    Mean episode length: 72.65
                        Mean action std: 1.00
   Episode_Reward/track_linear_velocity: 0.0805
  Episode_Reward/track_angular_velocity: 0.0438
     Episode_Reward/body_orientation_l2: -0.0073
                    Episode_Reward/pose: 0.1055
            Episode_Reward/body_ang_vel: -0.0342
        Episode_Reward/angular_momentum: -0.0011
           Episode_Reward/is_terminated: -0.2000
            Episode_Reward/joint_acc_l2: -0.0103
        Episode_Reward/joint_pos_limits: 0.0000
          Episode_Reward/action_rate_l2: -0.2313
               Episode_Reward/foot_gait: 0.0387
          Episode_Reward/foot_clearance: -0.0225
               Episode_Reward/foot_slip: -0.0124
            Episode_Reward/soft_landing: -0.0065
             Episode_Reward/stand_still: 0.0000
        Episode_Metrics/mean_action_acc: 2.1463
             Metrics/twist/error_vel_xy: 0.1006
            Metrics/twist/error_vel_yaw: 0.2991
           Episode_Termination/time_out: 0.0000
          Episode_Termination/fell_over: 0.0000
    Episode_Termination/illegal_contact: 1.0000
          Metrics/angular_momentum_mean: 0.6059
             Metrics/slip_velocity_mean: 0.1335
             Metrics/landing_force_mean: 0.0000
--------------------------------------------------------------------------------
                         Iteration time: 12.92s
                           Time elapsed: 00:13:28
                                    ETA: 05:19:19

################################################################################
[1m                           Learning iteration 81/2000                           [0m 

                               Run name: act-pos_pdt20ms_phyDt0p1ms_tauDec4
                            Total steps: 1968 
                       Steps per second: 1 
                        Collection time: 12.221s 
                          Learning time: 0.154s 
                        Mean value loss: 0.0110
                    Mean surrogate loss: -0.1116
                      Mean entropy loss: 17.0642
                            Mean reward: -4.39
                    Mean episode length: 72.65
                        Mean action std: 1.00
   Episode_Reward/track_linear_velocity: 0.0805
  Episode_Reward/track_angular_velocity: 0.0438
     Episode_Reward/body_orientation_l2: -0.0073
                    Episode_Reward/pose: 0.1055
            Episode_Reward/body_ang_vel: -0.0342
        Episode_Reward/angular_momentum: -0.0011
           Episode_Reward/is_terminated: -0.2000
            Episode_Reward/joint_acc_l2: -0.0103
        Episode_Reward/joint_pos_limits: 0.0000
          Episode_Reward/action_rate_l2: -0.2313
               Episode_Reward/foot_gait: 0.0387
          Episode_Reward/foot_clearance: -0.0225
               Episode_Reward/foot_slip: -0.0124
            Episode_Reward/soft_landing: -0.0065
             Episode_Reward/stand_still: 0.0000
        Episode_Metrics/mean_action_acc: 2.1463
             Metrics/twist/error_vel_xy: 0.1006
            Metrics/twist/error_vel_yaw: 0.2991
           Episode_Termination/time_out: 0.0000
          Episode_Termination/fell_over: 0.0000
    Episode_Termination/illegal_contact: 1.0000
          Metrics/angular_momentum_mean: 0.1825
             Metrics/slip_velocity_mean: 0.2648
             Metrics/landing_force_mean: 155.3088
--------------------------------------------------------------------------------
                         Iteration time: 12.38s
                           Time elapsed: 00:13:41
                                    ETA: 05:20:05

################################################################################
[1m                           Learning iteration 82/2000                           [0m 

                               Run name: act-pos_pdt20ms_phyDt0p1ms_tauDec4
                            Total steps: 1992 
                       Steps per second: 2 
                        Collection time: 10.313s 
                          Learning time: 0.174s 
                        Mean value loss: 0.0040
                    Mean surrogate loss: -0.1049
                      Mean entropy loss: 17.0645
                            Mean reward: -4.39
                    Mean episode length: 72.65
                        Mean action std: 1.00
   Episode_Reward/track_linear_velocity: 0.0805
  Episode_Reward/track_angular_velocity: 0.0438
     Episode_Reward/body_orientation_l2: -0.0073
                    Episode_Reward/pose: 0.1055
            Episode_Reward/body_ang_vel: -0.0342
        Episode_Reward/angular_momentum: -0.0011
           Episode_Reward/is_terminated: -0.2000
            Episode_Reward/joint_acc_l2: -0.0103
        Episode_Reward/joint_pos_limits: 0.0000
          Episode_Reward/action_rate_l2: -0.2313
               Episode_Reward/foot_gait: 0.0387
          Episode_Reward/foot_clearance: -0.0225
               Episode_Reward/foot_slip: -0.0124
            Episode_Reward/soft_landing: -0.0065
             Episode_Reward/stand_still: 0.0000
        Episode_Metrics/mean_action_acc: 2.1463
             Metrics/twist/error_vel_xy: 0.1006
            Metrics/twist/error_vel_yaw: 0.2991
           Episode_Termination/time_out: 0.0000
          Episode_Termination/fell_over: 0.0000
    Episode_Termination/illegal_contact: 1.0000
          Metrics/angular_momentum_mean: 0.3283
             Metrics/slip_velocity_mean: 0.3482
             Metrics/landing_force_mean: 92.2847
--------------------------------------------------------------------------------
                         Iteration time: 10.49s
                           Time elapsed: 00:13:51
                                    ETA: 05:20:06

################################################################################
[1m                           Learning iteration 83/2000                           [0m 

                               Run name: act-pos_pdt20ms_phyDt0p1ms_tauDec4
                            Total steps: 2016 
                       Steps per second: 2 
                        Collection time: 8.485s 
                          Learning time: 0.126s 
                        Mean value loss: 1.6069
                    Mean surrogate loss: -0.1129
                      Mean entropy loss: 17.0643
                            Mean reward: -4.40
                    Mean episode length: 74.04
                        Mean action std: 1.00
   Episode_Reward/track_linear_velocity: 0.0608
  Episode_Reward/track_angular_velocity: 0.0216
     Episode_Reward/body_orientation_l2: -0.0034
                    Episode_Reward/pose: 0.0880
            Episode_Reward/body_ang_vel: -0.0245
        Episode_Reward/angular_momentum: -0.0009
           Episode_Reward/is_terminated: -0.2000
            Episode_Reward/joint_acc_l2: -0.0071
        Episode_Reward/joint_pos_limits: 0.0000
          Episode_Reward/action_rate_l2: -0.1694
               Episode_Reward/foot_gait: 0.0302
          Episode_Reward/foot_clearance: -0.0171
               Episode_Reward/foot_slip: -0.0093
            Episode_Reward/soft_landing: -0.0050
             Episode_Reward/stand_still: 0.0000
        Episode_Metrics/mean_action_acc: 2.0362
             Metrics/twist/error_vel_xy: 0.0829
            Metrics/twist/error_vel_yaw: 0.3366
           Episode_Termination/time_out: 0.0000
          Episode_Termination/fell_over: 0.0000
    Episode_Termination/illegal_contact: 1.0000
          Metrics/angular_momentum_mean: 0.3035
             Metrics/slip_velocity_mean: 0.3480
             Metrics/landing_force_mean: 26.1017
--------------------------------------------------------------------------------
                         Iteration time: 8.61s
                           Time elapsed: 00:14:00
                                    ETA: 05:19:24

################################################################################
[1m                           Learning iteration 84/2000                           [0m 

                               Run name: act-pos_pdt20ms_phyDt0p1ms_tauDec4
                            Total steps: 2040 
                       Steps per second: 2 
                        Collection time: 9.914s 
                          Learning time: 0.201s 
                        Mean value loss: 0.0059
                    Mean surrogate loss: -0.1058
                      Mean entropy loss: 17.0637
                            Mean reward: -4.40
                    Mean episode length: 74.04
                        Mean action std: 1.00
   Episode_Reward/track_linear_velocity: 0.0542
  Episode_Reward/track_angular_velocity: 0.0142
     Episode_Reward/body_orientation_l2: -0.0021
                    Episode_Reward/pose: 0.0822
            Episode_Reward/body_ang_vel: -0.0213
        Episode_Reward/angular_momentum: -0.0008
           Episode_Reward/is_terminated: -0.2000
            Episode_Reward/joint_acc_l2: -0.0060
        Episode_Reward/joint_pos_limits: 0.0000
          Episode_Reward/action_rate_l2: -0.1488
               Episode_Reward/foot_gait: 0.0274
          Episode_Reward/foot_clearance: -0.0153
               Episode_Reward/foot_slip: -0.0083
            Episode_Reward/soft_landing: -0.0045
             Episode_Reward/stand_still: 0.0000
        Episode_Metrics/mean_action_acc: 1.9996
             Metrics/twist/error_vel_xy: 0.0770
            Metrics/twist/error_vel_yaw: 0.3490
           Episode_Termination/time_out: 0.0000
          Episode_Termination/fell_over: 0.0000
    Episode_Termination/illegal_contact: 1.0000
          Metrics/angular_momentum_mean: 0.3307
             Metrics/slip_velocity_mean: 0.2696
             Metrics/landing_force_mean: 92.5139
--------------------------------------------------------------------------------
                         Iteration time: 10.12s
                           Time elapsed: 00:14:10
                                    ETA: 05:19:17

################################################################################
[1m                           Learning iteration 85/2000                           [0m 

                               Run name: act-pos_pdt20ms_phyDt0p1ms_tauDec4
                            Total steps: 2064 
                       Steps per second: 2 
                        Collection time: 10.341s 
                          Learning time: 0.141s 
                        Mean value loss: 0.0028
                    Mean surrogate loss: -0.1082
                      Mean entropy loss: 17.0636
                            Mean reward: -4.40
                    Mean episode length: 74.04
                        Mean action std: 1.00
   Episode_Reward/track_linear_velocity: 0.0542
  Episode_Reward/track_angular_velocity: 0.0142
     Episode_Reward/body_orientation_l2: -0.0021
                    Episode_Reward/pose: 0.0822
            Episode_Reward/body_ang_vel: -0.0213
        Episode_Reward/angular_momentum: -0.0008
           Episode_Reward/is_terminated: -0.2000
            Episode_Reward/joint_acc_l2: -0.0060
        Episode_Reward/joint_pos_limits: 0.0000
          Episode_Reward/action_rate_l2: -0.1488
               Episode_Reward/foot_gait: 0.0274
          Episode_Reward/foot_clearance: -0.0153
               Episode_Reward/foot_slip: -0.0083
            Episode_Reward/soft_landing: -0.0045
             Episode_Reward/stand_still: 0.0000
        Episode_Metrics/mean_action_acc: 1.9996
             Metrics/twist/error_vel_xy: 0.0770
            Metrics/twist/error_vel_yaw: 0.3490
           Episode_Termination/time_out: 0.0000
          Episode_Termination/fell_over: 0.0000
    Episode_Termination/illegal_contact: 1.0000
          Metrics/angular_momentum_mean: 0.5624
             Metrics/slip_velocity_mean: 0.7420
             Metrics/landing_force_mean: 66.0491
--------------------------------------------------------------------------------
                         Iteration time: 10.48s
                           Time elapsed: 00:14:20
                                    ETA: 05:19:17

################################################################################
[1m                           Learning iteration 86/2000                           [0m 

                               Run name: act-pos_pdt20ms_phyDt0p1ms_tauDec4
                            Total steps: 2088 
                       Steps per second: 2 
                        Collection time: 8.969s 
                          Learning time: 0.126s 
                        Mean value loss: 0.0126
                    Mean surrogate loss: -0.0997
                      Mean entropy loss: 17.0635
                            Mean reward: -4.40
                    Mean episode length: 74.04
                        Mean action std: 1.00
   Episode_Reward/track_linear_velocity: 0.0542
  Episode_Reward/track_angular_velocity: 0.0142
     Episode_Reward/body_orientation_l2: -0.0021
                    Episode_Reward/pose: 0.0822
            Episode_Reward/body_ang_vel: -0.0213
        Episode_Reward/angular_momentum: -0.0008
           Episode_Reward/is_terminated: -0.2000
            Episode_Reward/joint_acc_l2: -0.0060
        Episode_Reward/joint_pos_limits: 0.0000
          Episode_Reward/action_rate_l2: -0.1488
               Episode_Reward/foot_gait: 0.0274
          Episode_Reward/foot_clearance: -0.0153
               Episode_Reward/foot_slip: -0.0083
            Episode_Reward/soft_landing: -0.0045
             Episode_Reward/stand_still: 0.0000
        Episode_Metrics/mean_action_acc: 1.9996
             Metrics/twist/error_vel_xy: 0.0770
            Metrics/twist/error_vel_yaw: 0.3490
           Episode_Termination/time_out: 0.0000
          Episode_Termination/fell_over: 0.0000
    Episode_Termination/illegal_contact: 1.0000
          Metrics/angular_momentum_mean: 0.2103
             Metrics/slip_velocity_mean: 0.2255
             Metrics/landing_force_mean: 70.7202
--------------------------------------------------------------------------------
                         Iteration time: 9.09s
                           Time elapsed: 00:14:29
                                    ETA: 05:18:47

################################################################################
[1m                           Learning iteration 87/2000                           [0m 

                               Run name: act-pos_pdt20ms_phyDt0p1ms_tauDec4
                            Total steps: 2112 
                       Steps per second: 2 
                        Collection time: 8.364s 
                          Learning time: 0.109s 
                        Mean value loss: 0.0091
                    Mean surrogate loss: -0.0885
                      Mean entropy loss: 17.0654
                            Mean reward: -4.40
                    Mean episode length: 74.04
                        Mean action std: 1.00
   Episode_Reward/track_linear_velocity: 0.0542
  Episode_Reward/track_angular_velocity: 0.0142
     Episode_Reward/body_orientation_l2: -0.0021
                    Episode_Reward/pose: 0.0822
            Episode_Reward/body_ang_vel: -0.0213
        Episode_Reward/angular_momentum: -0.0008
           Episode_Reward/is_terminated: -0.2000
            Episode_Reward/joint_acc_l2: -0.0060
        Episode_Reward/joint_pos_limits: 0.0000
          Episode_Reward/action_rate_l2: -0.1488
               Episode_Reward/foot_gait: 0.0274
          Episode_Reward/foot_clearance: -0.0153
               Episode_Reward/foot_slip: -0.0083
            Episode_Reward/soft_landing: -0.0045
             Episode_Reward/stand_still: 0.0000
        Episode_Metrics/mean_action_acc: 1.9996
             Metrics/twist/error_vel_xy: 0.0770
            Metrics/twist/error_vel_yaw: 0.3490
           Episode_Termination/time_out: 0.0000
          Episode_Termination/fell_over: 0.0000
    Episode_Termination/illegal_contact: 1.0000
          Metrics/angular_momentum_mean: 0.6544
             Metrics/slip_velocity_mean: 0.1308
             Metrics/landing_force_mean: 41.6859
--------------------------------------------------------------------------------
                         Iteration time: 8.47s
                           Time elapsed: 00:14:38
                                    ETA: 05:18:04

################################################################################
[1m                           Learning iteration 88/2000                           [0m 

                               Run name: act-pos_pdt20ms_phyDt0p1ms_tauDec4
                            Total steps: 2136 
                       Steps per second: 2 
                        Collection time: 8.103s 
                          Learning time: 0.118s 
                        Mean value loss: 0.0308
                    Mean surrogate loss: -0.1157
                      Mean entropy loss: 17.0677
                            Mean reward: -4.40
                    Mean episode length: 74.04
                        Mean action std: 1.00
   Episode_Reward/track_linear_velocity: 0.0542
  Episode_Reward/track_angular_velocity: 0.0142
     Episode_Reward/body_orientation_l2: -0.0021
                    Episode_Reward/pose: 0.0822
            Episode_Reward/body_ang_vel: -0.0213
        Episode_Reward/angular_momentum: -0.0008
           Episode_Reward/is_terminated: -0.2000
            Episode_Reward/joint_acc_l2: -0.0060
        Episode_Reward/joint_pos_limits: 0.0000
          Episode_Reward/action_rate_l2: -0.1488
               Episode_Reward/foot_gait: 0.0274
          Episode_Reward/foot_clearance: -0.0153
               Episode_Reward/foot_slip: -0.0083
            Episode_Reward/soft_landing: -0.0045
             Episode_Reward/stand_still: 0.0000
        Episode_Metrics/mean_action_acc: 1.9996
             Metrics/twist/error_vel_xy: 0.0770
            Metrics/twist/error_vel_yaw: 0.3490
           Episode_Termination/time_out: 0.0000
          Episode_Termination/fell_over: 0.0000
    Episode_Termination/illegal_contact: 1.0000
          Metrics/angular_momentum_mean: 0.9144
             Metrics/slip_velocity_mean: 0.1831
             Metrics/landing_force_mean: 0.0000
--------------------------------------------------------------------------------
                         Iteration time: 8.22s
                           Time elapsed: 00:14:46
                                    ETA: 05:17:16

################################################################################
[1m                           Learning iteration 89/2000                           [0m 

                               Run name: act-pos_pdt20ms_phyDt0p1ms_tauDec4
                            Total steps: 2160 
                       Steps per second: 2 
                        Collection time: 9.051s 
                          Learning time: 0.143s 
                        Mean value loss: 0.0217
                    Mean surrogate loss: -0.1077
                      Mean entropy loss: 17.0682
                            Mean reward: -4.40
                    Mean episode length: 74.04
                        Mean action std: 1.00
   Episode_Reward/track_linear_velocity: 0.0542
  Episode_Reward/track_angular_velocity: 0.0142
     Episode_Reward/body_orientation_l2: -0.0021
                    Episode_Reward/pose: 0.0822
            Episode_Reward/body_ang_vel: -0.0213
        Episode_Reward/angular_momentum: -0.0008
           Episode_Reward/is_terminated: -0.2000
            Episode_Reward/joint_acc_l2: -0.0060
        Episode_Reward/joint_pos_limits: 0.0000
          Episode_Reward/action_rate_l2: -0.1488
               Episode_Reward/foot_gait: 0.0274
          Episode_Reward/foot_clearance: -0.0153
               Episode_Reward/foot_slip: -0.0083
            Episode_Reward/soft_landing: -0.0045
             Episode_Reward/stand_still: 0.0000
        Episode_Metrics/mean_action_acc: 1.9996
             Metrics/twist/error_vel_xy: 0.0770
            Metrics/twist/error_vel_yaw: 0.3490
           Episode_Termination/time_out: 0.0000
          Episode_Termination/fell_over: 0.0000
    Episode_Termination/illegal_contact: 1.0000
          Metrics/angular_momentum_mean: 0.4845
             Metrics/slip_velocity_mean: 0.1464
             Metrics/landing_force_mean: 0.0000
--------------------------------------------------------------------------------
                         Iteration time: 9.19s
                           Time elapsed: 00:14:55
                                    ETA: 05:16:50

################################################################################
[1m                           Learning iteration 90/2000                           [0m 

                               Run name: act-pos_pdt20ms_phyDt0p1ms_tauDec4
                            Total steps: 2184 
                       Steps per second: 2 
                        Collection time: 9.626s 
                          Learning time: 0.177s 
                        Mean value loss: 0.0069
                    Mean surrogate loss: -0.1012
                      Mean entropy loss: 17.0656
                            Mean reward: -4.40
                    Mean episode length: 74.04
                        Mean action std: 1.00
   Episode_Reward/track_linear_velocity: 0.0542
  Episode_Reward/track_angular_velocity: 0.0142
     Episode_Reward/body_orientation_l2: -0.0021
                    Episode_Reward/pose: 0.0822
            Episode_Reward/body_ang_vel: -0.0213
        Episode_Reward/angular_momentum: -0.0008
           Episode_Reward/is_terminated: -0.2000
            Episode_Reward/joint_acc_l2: -0.0060
        Episode_Reward/joint_pos_limits: 0.0000
          Episode_Reward/action_rate_l2: -0.1488
               Episode_Reward/foot_gait: 0.0274
          Episode_Reward/foot_clearance: -0.0153
               Episode_Reward/foot_slip: -0.0083
            Episode_Reward/soft_landing: -0.0045
             Episode_Reward/stand_still: 0.0000
        Episode_Metrics/mean_action_acc: 1.9996
             Metrics/twist/error_vel_xy: 0.0770
            Metrics/twist/error_vel_yaw: 0.3490
           Episode_Termination/time_out: 0.0000
          Episode_Termination/fell_over: 0.0000
    Episode_Termination/illegal_contact: 1.0000
          Metrics/angular_momentum_mean: 0.2556
             Metrics/slip_velocity_mean: 0.1107
             Metrics/landing_force_mean: 0.0000
--------------------------------------------------------------------------------
                         Iteration time: 9.80s
                           Time elapsed: 00:15:05
                                    ETA: 05:16:37

################################################################################
[1m                           Learning iteration 91/2000                           [0m 

                               Run name: act-pos_pdt20ms_phyDt0p1ms_tauDec4
                            Total steps: 2208 
                       Steps per second: 2 
                        Collection time: 9.425s 
                          Learning time: 0.171s 
                        Mean value loss: 2.2717
                    Mean surrogate loss: -0.0972
                      Mean entropy loss: 17.0647
                            Mean reward: -4.48
                    Mean episode length: 78.86
                        Mean action std: 1.00
   Episode_Reward/track_linear_velocity: 0.0540
  Episode_Reward/track_angular_velocity: 0.0155
     Episode_Reward/body_orientation_l2: -0.0023
                    Episode_Reward/pose: 0.0842
            Episode_Reward/body_ang_vel: -0.0222
        Episode_Reward/angular_momentum: -0.0008
           Episode_Reward/is_terminated: -0.2000
            Episode_Reward/joint_acc_l2: -0.0063
        Episode_Reward/joint_pos_limits: 0.0000
          Episode_Reward/action_rate_l2: -0.1548
               Episode_Reward/foot_gait: 0.0283
          Episode_Reward/foot_clearance: -0.0157
               Episode_Reward/foot_slip: -0.0087
            Episode_Reward/soft_landing: -0.0046
             Episode_Reward/stand_still: 0.0000
        Episode_Metrics/mean_action_acc: 2.0020
             Metrics/twist/error_vel_xy: 0.0867
            Metrics/twist/error_vel_yaw: 0.3562
           Episode_Termination/time_out: 0.0000
          Episode_Termination/fell_over: 0.0000
    Episode_Termination/illegal_contact: 1.0000
          Metrics/angular_momentum_mean: 0.8978
             Metrics/slip_velocity_mean: 0.1332
             Metrics/landing_force_mean: 0.0000
--------------------------------------------------------------------------------
                         Iteration time: 9.60s
                           Time elapsed: 00:15:15
                                    ETA: 05:16:20

################################################################################
[1m                           Learning iteration 92/2000                           [0m 

                               Run name: act-pos_pdt20ms_phyDt0p1ms_tauDec4
                            Total steps: 2232 
                       Steps per second: 2 
                        Collection time: 9.908s 
                          Learning time: 0.162s 
                        Mean value loss: 0.0100
                    Mean surrogate loss: -0.0998
                      Mean entropy loss: 17.0652
                            Mean reward: -4.48
                    Mean episode length: 78.86
                        Mean action std: 1.00
   Episode_Reward/track_linear_velocity: 0.0495
  Episode_Reward/track_angular_velocity: 0.0471
     Episode_Reward/body_orientation_l2: -0.0076
                    Episode_Reward/pose: 0.1299
            Episode_Reward/body_ang_vel: -0.0419
        Episode_Reward/angular_momentum: -0.0015
           Episode_Reward/is_terminated: -0.2000
            Episode_Reward/joint_acc_l2: -0.0117
        Episode_Reward/joint_pos_limits: 0.0000
          Episode_Reward/action_rate_l2: -0.2924
               Episode_Reward/foot_gait: 0.0500
          Episode_Reward/foot_clearance: -0.0261
               Episode_Reward/foot_slip: -0.0178
            Episode_Reward/soft_landing: -0.0071
             Episode_Reward/stand_still: 0.0000
        Episode_Metrics/mean_action_acc: 2.0575
             Metrics/twist/error_vel_xy: 0.3095
            Metrics/twist/error_vel_yaw: 0.5222
           Episode_Termination/time_out: 0.0000
          Episode_Termination/fell_over: 0.0000
    Episode_Termination/illegal_contact: 1.0000
          Metrics/angular_momentum_mean: 0.5215
             Metrics/slip_velocity_mean: 0.0663
             Metrics/landing_force_mean: 0.0000
--------------------------------------------------------------------------------
                         Iteration time: 10.07s
                           Time elapsed: 00:15:25
                                    ETA: 05:16:12

################################################################################
[1m                           Learning iteration 93/2000                           [0m 

                               Run name: act-pos_pdt20ms_phyDt0p1ms_tauDec4
                            Total steps: 2256 
                       Steps per second: 2 
                        Collection time: 10.690s 
                          Learning time: 0.126s 
                        Mean value loss: 0.8753
                    Mean surrogate loss: -0.0819
                      Mean entropy loss: 17.0663
                            Mean reward: -4.46
                    Mean episode length: 77.07
                        Mean action std: 1.00
   Episode_Reward/track_linear_velocity: 0.0096
  Episode_Reward/track_angular_velocity: 0.0185
     Episode_Reward/body_orientation_l2: -0.0011
                    Episode_Reward/pose: 0.0292
            Episode_Reward/body_ang_vel: -0.0072
        Episode_Reward/angular_momentum: -0.0003
           Episode_Reward/is_terminated: -0.2000
            Episode_Reward/joint_acc_l2: -0.0026
        Episode_Reward/joint_pos_limits: 0.0000
          Episode_Reward/action_rate_l2: -0.0544
               Episode_Reward/foot_gait: 0.0098
          Episode_Reward/foot_clearance: -0.0049
               Episode_Reward/foot_slip: -0.0029
            Episode_Reward/soft_landing: -0.0015
             Episode_Reward/stand_still: 0.0000
        Episode_Metrics/mean_action_acc: 1.9379
             Metrics/twist/error_vel_xy: 0.0522
            Metrics/twist/error_vel_yaw: 0.0645
           Episode_Termination/time_out: 0.0000
          Episode_Termination/fell_over: 0.0000
    Episode_Termination/illegal_contact: 1.0000
          Metrics/angular_momentum_mean: 0.2250
             Metrics/slip_velocity_mean: 0.2087
             Metrics/landing_force_mean: 5.0782
--------------------------------------------------------------------------------
                         Iteration time: 10.82s
                           Time elapsed: 00:15:36
                                    ETA: 05:16:20

################################################################################
[1m                           Learning iteration 94/2000                           [0m 

                               Run name: act-pos_pdt20ms_phyDt0p1ms_tauDec4
                            Total steps: 2280 
                       Steps per second: 2 
                        Collection time: 8.331s 
                          Learning time: 0.119s 
                        Mean value loss: 0.0119
                    Mean surrogate loss: -0.1070
                      Mean entropy loss: 17.0643
                            Mean reward: -4.46
                    Mean episode length: 77.07
                        Mean action std: 1.00
   Episode_Reward/track_linear_velocity: 0.0059
  Episode_Reward/track_angular_velocity: 0.0159
     Episode_Reward/body_orientation_l2: -0.0005
                    Episode_Reward/pose: 0.0200
            Episode_Reward/body_ang_vel: -0.0041
        Episode_Reward/angular_momentum: -0.0002
           Episode_Reward/is_terminated: -0.2000
            Episode_Reward/joint_acc_l2: -0.0018
        Episode_Reward/joint_pos_limits: 0.0000
          Episode_Reward/action_rate_l2: -0.0328
               Episode_Reward/foot_gait: 0.0061
          Episode_Reward/foot_clearance: -0.0029
               Episode_Reward/foot_slip: -0.0015
            Episode_Reward/soft_landing: -0.0009
             Episode_Reward/stand_still: 0.0000
        Episode_Metrics/mean_action_acc: 1.9270
             Metrics/twist/error_vel_xy: 0.0289
            Metrics/twist/error_vel_yaw: 0.0229
           Episode_Termination/time_out: 0.0000
          Episode_Termination/fell_over: 0.0000
    Episode_Termination/illegal_contact: 1.0000
          Metrics/angular_momentum_mean: 0.4053
             Metrics/slip_velocity_mean: 0.3755
             Metrics/landing_force_mean: 0.0000
--------------------------------------------------------------------------------
                         Iteration time: 8.45s
                           Time elapsed: 00:15:44
                                    ETA: 05:15:40

################################################################################
[1m                           Learning iteration 95/2000                           [0m 

                               Run name: act-pos_pdt20ms_phyDt0p1ms_tauDec4
                            Total steps: 2304 
                       Steps per second: 2 
                        Collection time: 8.364s 
                          Learning time: 0.111s 
                        Mean value loss: 0.0104
                    Mean surrogate loss: -0.0904
                      Mean entropy loss: 17.0630
                            Mean reward: -4.46
                    Mean episode length: 77.07
                        Mean action std: 1.00
   Episode_Reward/track_linear_velocity: 0.0059
  Episode_Reward/track_angular_velocity: 0.0159
     Episode_Reward/body_orientation_l2: -0.0005
                    Episode_Reward/pose: 0.0200
            Episode_Reward/body_ang_vel: -0.0041
        Episode_Reward/angular_momentum: -0.0002
           Episode_Reward/is_terminated: -0.2000
            Episode_Reward/joint_acc_l2: -0.0018
        Episode_Reward/joint_pos_limits: 0.0000
          Episode_Reward/action_rate_l2: -0.0328
               Episode_Reward/foot_gait: 0.0061
          Episode_Reward/foot_clearance: -0.0029
               Episode_Reward/foot_slip: -0.0015
            Episode_Reward/soft_landing: -0.0009
             Episode_Reward/stand_still: 0.0000
        Episode_Metrics/mean_action_acc: 1.9270
             Metrics/twist/error_vel_xy: 0.0289
            Metrics/twist/error_vel_yaw: 0.0229
           Episode_Termination/time_out: 0.0000
          Episode_Termination/fell_over: 0.0000
    Episode_Termination/illegal_contact: 1.0000
          Metrics/angular_momentum_mean: 0.2869
             Metrics/slip_velocity_mean: 0.5901
             Metrics/landing_force_mean: 68.7411
--------------------------------------------------------------------------------
                         Iteration time: 8.48s
                           Time elapsed: 00:15:52
                                    ETA: 05:15:01

################################################################################
[1m                           Learning iteration 96/2000                           [0m 

                               Run name: act-pos_pdt20ms_phyDt0p1ms_tauDec4
                            Total steps: 2328 
                       Steps per second: 2 
                        Collection time: 8.163s 
                          Learning time: 0.159s 
                        Mean value loss: 0.0079
                    Mean surrogate loss: -0.0989
                      Mean entropy loss: 17.0637
                            Mean reward: -4.46
                    Mean episode length: 77.07
                        Mean action std: 1.00
   Episode_Reward/track_linear_velocity: 0.0059
  Episode_Reward/track_angular_velocity: 0.0159
     Episode_Reward/body_orientation_l2: -0.0005
                    Episode_Reward/pose: 0.0200
            Episode_Reward/body_ang_vel: -0.0041
        Episode_Reward/angular_momentum: -0.0002
           Episode_Reward/is_terminated: -0.2000
            Episode_Reward/joint_acc_l2: -0.0018
        Episode_Reward/joint_pos_limits: 0.0000
          Episode_Reward/action_rate_l2: -0.0328
               Episode_Reward/foot_gait: 0.0061
          Episode_Reward/foot_clearance: -0.0029
               Episode_Reward/foot_slip: -0.0015
            Episode_Reward/soft_landing: -0.0009
             Episode_Reward/stand_still: 0.0000
        Episode_Metrics/mean_action_acc: 1.9270
             Metrics/twist/error_vel_xy: 0.0289
            Metrics/twist/error_vel_yaw: 0.0229
           Episode_Termination/time_out: 0.0000
          Episode_Termination/fell_over: 0.0000
    Episode_Termination/illegal_contact: 1.0000
          Metrics/angular_momentum_mean: 0.5716
             Metrics/slip_velocity_mean: 0.2052
             Metrics/landing_force_mean: 0.0000
--------------------------------------------------------------------------------
                         Iteration time: 8.32s
                           Time elapsed: 00:16:01
                                    ETA: 05:14:19

################################################################################
[1m                           Learning iteration 97/2000                           [0m 

                               Run name: act-pos_pdt20ms_phyDt0p1ms_tauDec4
                            Total steps: 2352 
                       Steps per second: 2 
                        Collection time: 9.006s 
                          Learning time: 0.112s 
                        Mean value loss: 1.4909
                    Mean surrogate loss: -0.1216
                      Mean entropy loss: 17.0627
                            Mean reward: -4.49
                    Mean episode length: 78.07
                        Mean action std: 1.00
   Episode_Reward/track_linear_velocity: 0.0065
  Episode_Reward/track_angular_velocity: 0.0347
     Episode_Reward/body_orientation_l2: -0.0032
                    Episode_Reward/pose: 0.0444
            Episode_Reward/body_ang_vel: -0.0123
        Episode_Reward/angular_momentum: -0.0004
           Episode_Reward/is_terminated: -0.2000
            Episode_Reward/joint_acc_l2: -0.0041
        Episode_Reward/joint_pos_limits: 0.0000
          Episode_Reward/action_rate_l2: -0.0916
               Episode_Reward/foot_gait: 0.0147
          Episode_Reward/foot_clearance: -0.0081
               Episode_Reward/foot_slip: -0.0045
            Episode_Reward/soft_landing: -0.0023
             Episode_Reward/stand_still: 0.0000
        Episode_Metrics/mean_action_acc: 2.0165
             Metrics/twist/error_vel_xy: 0.1173
            Metrics/twist/error_vel_yaw: 0.0566
           Episode_Termination/time_out: 0.0000
          Episode_Termination/fell_over: 0.0000
    Episode_Termination/illegal_contact: 1.0000
          Metrics/angular_momentum_mean: 0.4789
             Metrics/slip_velocity_mean: 0.1814
             Metrics/landing_force_mean: 0.0000
--------------------------------------------------------------------------------
                         Iteration time: 9.12s
                           Time elapsed: 00:16:10
                                    ETA: 05:13:54

################################################################################
[1m                           Learning iteration 98/2000                           [0m 

                               Run name: act-pos_pdt20ms_phyDt0p1ms_tauDec4
                            Total steps: 2376 
                       Steps per second: 2 
                        Collection time: 8.051s 
                          Learning time: 0.185s 
                        Mean value loss: 0.0084
                    Mean surrogate loss: -0.1048
                      Mean entropy loss: 17.0623
                            Mean reward: -4.49
                    Mean episode length: 78.07
                        Mean action std: 1.00
   Episode_Reward/track_linear_velocity: 0.0072
  Episode_Reward/track_angular_velocity: 0.0568
     Episode_Reward/body_orientation_l2: -0.0063
                    Episode_Reward/pose: 0.0731
            Episode_Reward/body_ang_vel: -0.0220
        Episode_Reward/angular_momentum: -0.0005
           Episode_Reward/is_terminated: -0.2000
            Episode_Reward/joint_acc_l2: -0.0068
        Episode_Reward/joint_pos_limits: 0.0000
          Episode_Reward/action_rate_l2: -0.1610
               Episode_Reward/foot_gait: 0.0247
          Episode_Reward/foot_clearance: -0.0142
               Episode_Reward/foot_slip: -0.0081
            Episode_Reward/soft_landing: -0.0040
             Episode_Reward/stand_still: 0.0000
        Episode_Metrics/mean_action_acc: 2.1223
             Metrics/twist/error_vel_xy: 0.2219
            Metrics/twist/error_vel_yaw: 0.0964
           Episode_Termination/time_out: 0.0000
          Episode_Termination/fell_over: 0.0000
    Episode_Termination/illegal_contact: 1.0000
          Metrics/angular_momentum_mean: 0.6061
             Metrics/slip_velocity_mean: 0.1798
             Metrics/landing_force_mean: 0.0000
--------------------------------------------------------------------------------
                         Iteration time: 8.24s
                           Time elapsed: 00:16:18
                                    ETA: 05:13:12
wandb: WARNING Symlinked 1 file into the W&B run directory; call wandb.save again to sync new files.

################################################################################
[1m                           Learning iteration 99/2000                           [0m 

                               Run name: act-pos_pdt20ms_phyDt0p1ms_tauDec4
                            Total steps: 2400 
                       Steps per second: 2 
                        Collection time: 8.049s 
                          Learning time: 0.114s 
                        Mean value loss: 0.0598
                    Mean surrogate loss: -0.0904
                      Mean entropy loss: 17.0643
                            Mean reward: -4.49
                    Mean episode length: 78.07
                        Mean action std: 1.00
   Episode_Reward/track_linear_velocity: 0.0072
  Episode_Reward/track_angular_velocity: 0.0568
     Episode_Reward/body_orientation_l2: -0.0063
                    Episode_Reward/pose: 0.0731
            Episode_Reward/body_ang_vel: -0.0220
        Episode_Reward/angular_momentum: -0.0005
           Episode_Reward/is_terminated: -0.2000
            Episode_Reward/joint_acc_l2: -0.0068
        Episode_Reward/joint_pos_limits: 0.0000
          Episode_Reward/action_rate_l2: -0.1610
               Episode_Reward/foot_gait: 0.0247
          Episode_Reward/foot_clearance: -0.0142
               Episode_Reward/foot_slip: -0.0081
            Episode_Reward/soft_landing: -0.0040
             Episode_Reward/stand_still: 0.0000
        Episode_Metrics/mean_action_acc: 2.1223
             Metrics/twist/error_vel_xy: 0.2219
            Metrics/twist/error_vel_yaw: 0.0964
           Episode_Termination/time_out: 0.0000
          Episode_Termination/fell_over: 0.0000
    Episode_Termination/illegal_contact: 1.0000
          Metrics/angular_momentum_mean: 0.3454
             Metrics/slip_velocity_mean: 0.7708
             Metrics/landing_force_mean: 0.0000
--------------------------------------------------------------------------------
                         Iteration time: 8.16s
                           Time elapsed: 00:16:26
                                    ETA: 05:12:29

################################################################################
[1m                          Learning iteration 100/2000                           [0m 

                               Run name: act-pos_pdt20ms_phyDt0p1ms_tauDec4
                            Total steps: 2424 
                       Steps per second: 2 
                        Collection time: 8.021s 
                          Learning time: 0.119s 
                        Mean value loss: 0.0262
                    Mean surrogate loss: -0.0975
                      Mean entropy loss: 17.0661
                            Mean reward: -4.49
                    Mean episode length: 78.07
                        Mean action std: 1.00
   Episode_Reward/track_linear_velocity: 0.0072
  Episode_Reward/track_angular_velocity: 0.0568
     Episode_Reward/body_orientation_l2: -0.0063
                    Episode_Reward/pose: 0.0731
            Episode_Reward/body_ang_vel: -0.0220
        Episode_Reward/angular_momentum: -0.0005
           Episode_Reward/is_terminated: -0.2000
            Episode_Reward/joint_acc_l2: -0.0068
        Episode_Reward/joint_pos_limits: 0.0000
          Episode_Reward/action_rate_l2: -0.1610
               Episode_Reward/foot_gait: 0.0247
          Episode_Reward/foot_clearance: -0.0142
               Episode_Reward/foot_slip: -0.0081
            Episode_Reward/soft_landing: -0.0040
             Episode_Reward/stand_still: 0.0000
        Episode_Metrics/mean_action_acc: 2.1223
             Metrics/twist/error_vel_xy: 0.2219
            Metrics/twist/error_vel_yaw: 0.0964
           Episode_Termination/time_out: 0.0000
          Episode_Termination/fell_over: 0.0000
    Episode_Termination/illegal_contact: 1.0000
          Metrics/angular_momentum_mean: 0.5797
             Metrics/slip_velocity_mean: 0.5132
             Metrics/landing_force_mean: 41.1522
--------------------------------------------------------------------------------
                         Iteration time: 8.14s
                           Time elapsed: 00:16:34
                                    ETA: 05:11:47

################################################################################
[1m                          Learning iteration 101/2000                           [0m 

                               Run name: act-pos_pdt20ms_phyDt0p1ms_tauDec4
                            Total steps: 2448 
                       Steps per second: 2 
                        Collection time: 11.401s 
                          Learning time: 0.123s 
                        Mean value loss: 0.5510
                    Mean surrogate loss: -0.1059
                      Mean entropy loss: 17.0659
                            Mean reward: -4.51
                    Mean episode length: 78.42
                        Mean action std: 1.00
   Episode_Reward/track_linear_velocity: 0.0046
  Episode_Reward/track_angular_velocity: 0.0418
     Episode_Reward/body_orientation_l2: -0.0048
                    Episode_Reward/pose: 0.0633
            Episode_Reward/body_ang_vel: -0.0166
        Episode_Reward/angular_momentum: -0.0007
           Episode_Reward/is_terminated: -0.2000
            Episode_Reward/joint_acc_l2: -0.0063
        Episode_Reward/joint_pos_limits: 0.0000
          Episode_Reward/action_rate_l2: -0.1390
               Episode_Reward/foot_gait: 0.0198
          Episode_Reward/foot_clearance: -0.0134
               Episode_Reward/foot_slip: -0.0090
            Episode_Reward/soft_landing: -0.0036
             Episode_Reward/stand_still: 0.0000
        Episode_Metrics/mean_action_acc: 2.1184
             Metrics/twist/error_vel_xy: 0.2017
            Metrics/twist/error_vel_yaw: 0.1205
           Episode_Termination/time_out: 0.0000
          Episode_Termination/fell_over: 0.0000
    Episode_Termination/illegal_contact: 1.0000
          Metrics/angular_momentum_mean: 0.2495
             Metrics/slip_velocity_mean: 0.1235
             Metrics/landing_force_mean: 71.6543
--------------------------------------------------------------------------------
                         Iteration time: 11.52s
                           Time elapsed: 00:16:46
                                    ETA: 05:12:08

################################################################################
[1m                          Learning iteration 102/2000                           [0m 

                               Run name: act-pos_pdt20ms_phyDt0p1ms_tauDec4
                            Total steps: 2472 
                       Steps per second: 1 
                        Collection time: 12.265s 
                          Learning time: 0.204s 
                        Mean value loss: 0.0609
                    Mean surrogate loss: -0.1028
                      Mean entropy loss: 17.0654
                            Mean reward: -4.51
                    Mean episode length: 78.42
                        Mean action std: 1.00
   Episode_Reward/track_linear_velocity: 0.0037
  Episode_Reward/track_angular_velocity: 0.0368
     Episode_Reward/body_orientation_l2: -0.0043
                    Episode_Reward/pose: 0.0600
            Episode_Reward/body_ang_vel: -0.0148
        Episode_Reward/angular_momentum: -0.0007
           Episode_Reward/is_terminated: -0.2000
            Episode_Reward/joint_acc_l2: -0.0061
        Episode_Reward/joint_pos_limits: 0.0000
          Episode_Reward/action_rate_l2: -0.1317
               Episode_Reward/foot_gait: 0.0181
          Episode_Reward/foot_clearance: -0.0132
               Episode_Reward/foot_slip: -0.0092
            Episode_Reward/soft_landing: -0.0034
             Episode_Reward/stand_still: 0.0000
        Episode_Metrics/mean_action_acc: 2.1171
             Metrics/twist/error_vel_xy: 0.1950
            Metrics/twist/error_vel_yaw: 0.1285
           Episode_Termination/time_out: 0.0000
          Episode_Termination/fell_over: 0.0000
    Episode_Termination/illegal_contact: 1.0000
          Metrics/angular_momentum_mean: 0.3693
             Metrics/slip_velocity_mean: 0.3046
             Metrics/landing_force_mean: 44.2226
--------------------------------------------------------------------------------
                         Iteration time: 12.47s
                           Time elapsed: 00:16:58
                                    ETA: 05:12:46

################################################################################
[1m                          Learning iteration 103/2000                           [0m 

                               Run name: act-pos_pdt20ms_phyDt0p1ms_tauDec4
                            Total steps: 2496 
                       Steps per second: 2 
                        Collection time: 11.593s 
                          Learning time: 0.133s 
                        Mean value loss: 0.0601
                    Mean surrogate loss: -0.1087
                      Mean entropy loss: 17.0656
                            Mean reward: -4.51
                    Mean episode length: 78.42
                        Mean action std: 1.00
   Episode_Reward/track_linear_velocity: 0.0037
  Episode_Reward/track_angular_velocity: 0.0368
     Episode_Reward/body_orientation_l2: -0.0043
                    Episode_Reward/pose: 0.0600
            Episode_Reward/body_ang_vel: -0.0148
        Episode_Reward/angular_momentum: -0.0007
           Episode_Reward/is_terminated: -0.2000
            Episode_Reward/joint_acc_l2: -0.0061
        Episode_Reward/joint_pos_limits: 0.0000
          Episode_Reward/action_rate_l2: -0.1317
               Episode_Reward/foot_gait: 0.0181
          Episode_Reward/foot_clearance: -0.0132
               Episode_Reward/foot_slip: -0.0092
            Episode_Reward/soft_landing: -0.0034
             Episode_Reward/stand_still: 0.0000
        Episode_Metrics/mean_action_acc: 2.1171
             Metrics/twist/error_vel_xy: 0.1950
            Metrics/twist/error_vel_yaw: 0.1285
           Episode_Termination/time_out: 0.0000
          Episode_Termination/fell_over: 0.0000
    Episode_Termination/illegal_contact: 1.0000
          Metrics/angular_momentum_mean: 0.7265
             Metrics/slip_velocity_mean: 0.2726
             Metrics/landing_force_mean: 0.0000
--------------------------------------------------------------------------------
                         Iteration time: 11.73s
                           Time elapsed: 00:17:10
                                    ETA: 05:13:10

################################################################################
[1m                          Learning iteration 104/2000                           [0m 

                               Run name: act-pos_pdt20ms_phyDt0p1ms_tauDec4
                            Total steps: 2520 
                       Steps per second: 1 
                        Collection time: 12.138s 
                          Learning time: 0.166s 
                        Mean value loss: 0.0136
                    Mean surrogate loss: -0.0957
                      Mean entropy loss: 17.0649
                            Mean reward: -4.51
                    Mean episode length: 78.42
                        Mean action std: 1.00
   Episode_Reward/track_linear_velocity: 0.0037
  Episode_Reward/track_angular_velocity: 0.0368
     Episode_Reward/body_orientation_l2: -0.0043
                    Episode_Reward/pose: 0.0600
            Episode_Reward/body_ang_vel: -0.0148
        Episode_Reward/angular_momentum: -0.0007
           Episode_Reward/is_terminated: -0.2000
            Episode_Reward/joint_acc_l2: -0.0061
        Episode_Reward/joint_pos_limits: 0.0000
          Episode_Reward/action_rate_l2: -0.1317
               Episode_Reward/foot_gait: 0.0181
          Episode_Reward/foot_clearance: -0.0132
               Episode_Reward/foot_slip: -0.0092
            Episode_Reward/soft_landing: -0.0034
             Episode_Reward/stand_still: 0.0000
        Episode_Metrics/mean_action_acc: 2.1171
             Metrics/twist/error_vel_xy: 0.1950
            Metrics/twist/error_vel_yaw: 0.1285
           Episode_Termination/time_out: 0.0000
          Episode_Termination/fell_over: 0.0000
    Episode_Termination/illegal_contact: 1.0000
          Metrics/angular_momentum_mean: 0.5237
             Metrics/slip_velocity_mean: 0.1388
             Metrics/landing_force_mean: 0.0000
--------------------------------------------------------------------------------
                         Iteration time: 12.30s
                           Time elapsed: 00:17:22
                                    ETA: 05:13:43

################################################################################
[1m                          Learning iteration 105/2000                           [0m 

                               Run name: act-pos_pdt20ms_phyDt0p1ms_tauDec4
                            Total steps: 2544 
                       Steps per second: 2 
                        Collection time: 11.631s 
                          Learning time: 0.173s 
                        Mean value loss: 0.0148
                    Mean surrogate loss: -0.1047
                      Mean entropy loss: 17.0625
                            Mean reward: -4.51
                    Mean episode length: 78.42
                        Mean action std: 1.00
   Episode_Reward/track_linear_velocity: 0.0037
  Episode_Reward/track_angular_velocity: 0.0368
     Episode_Reward/body_orientation_l2: -0.0043
                    Episode_Reward/pose: 0.0600
            Episode_Reward/body_ang_vel: -0.0148
        Episode_Reward/angular_momentum: -0.0007
           Episode_Reward/is_terminated: -0.2000
            Episode_Reward/joint_acc_l2: -0.0061
        Episode_Reward/joint_pos_limits: 0.0000
          Episode_Reward/action_rate_l2: -0.1317
               Episode_Reward/foot_gait: 0.0181
          Episode_Reward/foot_clearance: -0.0132
               Episode_Reward/foot_slip: -0.0092
            Episode_Reward/soft_landing: -0.0034
             Episode_Reward/stand_still: 0.0000
        Episode_Metrics/mean_action_acc: 2.1171
             Metrics/twist/error_vel_xy: 0.1950
            Metrics/twist/error_vel_yaw: 0.1285
           Episode_Termination/time_out: 0.0000
          Episode_Termination/fell_over: 0.0000
    Episode_Termination/illegal_contact: 1.0000
          Metrics/angular_momentum_mean: 0.3792
             Metrics/slip_velocity_mean: 0.4542
             Metrics/landing_force_mean: 75.8395
--------------------------------------------------------------------------------
                         Iteration time: 11.80s
                           Time elapsed: 00:17:34
                                    ETA: 05:14:07

################################################################################
[1m                          Learning iteration 106/2000                           [0m 

                               Run name: act-pos_pdt20ms_phyDt0p1ms_tauDec4
                            Total steps: 2568 
                       Steps per second: 2 
                        Collection time: 10.414s 
                          Learning time: 0.124s 
                        Mean value loss: 0.0182
                    Mean surrogate loss: -0.1133
                      Mean entropy loss: 17.0621
                            Mean reward: -4.51
                    Mean episode length: 78.42
                        Mean action std: 1.00
   Episode_Reward/track_linear_velocity: 0.0037
  Episode_Reward/track_angular_velocity: 0.0368
     Episode_Reward/body_orientation_l2: -0.0043
                    Episode_Reward/pose: 0.0600
            Episode_Reward/body_ang_vel: -0.0148
        Episode_Reward/angular_momentum: -0.0007
           Episode_Reward/is_terminated: -0.2000
            Episode_Reward/joint_acc_l2: -0.0061
        Episode_Reward/joint_pos_limits: 0.0000
          Episode_Reward/action_rate_l2: -0.1317
               Episode_Reward/foot_gait: 0.0181
          Episode_Reward/foot_clearance: -0.0132
               Episode_Reward/foot_slip: -0.0092
            Episode_Reward/soft_landing: -0.0034
             Episode_Reward/stand_still: 0.0000
        Episode_Metrics/mean_action_acc: 2.1171
             Metrics/twist/error_vel_xy: 0.1950
            Metrics/twist/error_vel_yaw: 0.1285
           Episode_Termination/time_out: 0.0000
          Episode_Termination/fell_over: 0.0000
    Episode_Termination/illegal_contact: 1.0000
          Metrics/angular_momentum_mean: 0.8485
             Metrics/slip_velocity_mean: 0.1717
             Metrics/landing_force_mean: 51.2752
--------------------------------------------------------------------------------
                         Iteration time: 10.54s
                           Time elapsed: 00:17:45
                                    ETA: 05:14:07

################################################################################
[1m                          Learning iteration 107/2000                           [0m 

                               Run name: act-pos_pdt20ms_phyDt0p1ms_tauDec4
                            Total steps: 2592 
                       Steps per second: 2 
                        Collection time: 10.480s 
                          Learning time: 0.102s 
                        Mean value loss: 0.0131
                    Mean surrogate loss: -0.0984
                      Mean entropy loss: 17.0630
                            Mean reward: -4.51
                    Mean episode length: 78.42
                        Mean action std: 1.00
   Episode_Reward/track_linear_velocity: 0.0037
  Episode_Reward/track_angular_velocity: 0.0368
     Episode_Reward/body_orientation_l2: -0.0043
                    Episode_Reward/pose: 0.0600
            Episode_Reward/body_ang_vel: -0.0148
        Episode_Reward/angular_momentum: -0.0007
           Episode_Reward/is_terminated: -0.2000
            Episode_Reward/joint_acc_l2: -0.0061
        Episode_Reward/joint_pos_limits: 0.0000
          Episode_Reward/action_rate_l2: -0.1317
               Episode_Reward/foot_gait: 0.0181
          Episode_Reward/foot_clearance: -0.0132
               Episode_Reward/foot_slip: -0.0092
            Episode_Reward/soft_landing: -0.0034
             Episode_Reward/stand_still: 0.0000
        Episode_Metrics/mean_action_acc: 2.1171
             Metrics/twist/error_vel_xy: 0.1950
            Metrics/twist/error_vel_yaw: 0.1285
           Episode_Termination/time_out: 0.0000
          Episode_Termination/fell_over: 0.0000
    Episode_Termination/illegal_contact: 1.0000
          Metrics/angular_momentum_mean: 0.3223
             Metrics/slip_velocity_mean: 0.2280
             Metrics/landing_force_mean: 0.0000
--------------------------------------------------------------------------------
                         Iteration time: 10.58s
                           Time elapsed: 00:17:55
                                    ETA: 05:14:08

################################################################################
[1m                          Learning iteration 108/2000                           [0m 

                               Run name: act-pos_pdt20ms_phyDt0p1ms_tauDec4
                            Total steps: 2616 
                       Steps per second: 3 
                        Collection time: 7.114s 
                          Learning time: 0.120s 
                        Mean value loss: 0.0137
                    Mean surrogate loss: -0.0990
                      Mean entropy loss: 17.0641
                            Mean reward: -4.51
                    Mean episode length: 78.42
                        Mean action std: 1.00
   Episode_Reward/track_linear_velocity: 0.0037
  Episode_Reward/track_angular_velocity: 0.0368
     Episode_Reward/body_orientation_l2: -0.0043
                    Episode_Reward/pose: 0.0600
            Episode_Reward/body_ang_vel: -0.0148
        Episode_Reward/angular_momentum: -0.0007
           Episode_Reward/is_terminated: -0.2000
            Episode_Reward/joint_acc_l2: -0.0061
        Episode_Reward/joint_pos_limits: 0.0000
          Episode_Reward/action_rate_l2: -0.1317
               Episode_Reward/foot_gait: 0.0181
          Episode_Reward/foot_clearance: -0.0132
               Episode_Reward/foot_slip: -0.0092
            Episode_Reward/soft_landing: -0.0034
             Episode_Reward/stand_still: 0.0000
        Episode_Metrics/mean_action_acc: 2.1171
             Metrics/twist/error_vel_xy: 0.1950
            Metrics/twist/error_vel_yaw: 0.1285
           Episode_Termination/time_out: 0.0000
          Episode_Termination/fell_over: 0.0000
    Episode_Termination/illegal_contact: 1.0000
          Metrics/angular_momentum_mean: 0.5628
             Metrics/slip_velocity_mean: 0.2127
             Metrics/landing_force_mean: 107.3529
--------------------------------------------------------------------------------
                         Iteration time: 7.23s
                           Time elapsed: 00:18:03
                                    ETA: 05:13:11

################################################################################
[1m                          Learning iteration 109/2000                           [0m 

                               Run name: act-pos_pdt20ms_phyDt0p1ms_tauDec4
                            Total steps: 2640 
                       Steps per second: 3 
                        Collection time: 7.749s 
                          Learning time: 0.119s 
                        Mean value loss: 0.0123
                    Mean surrogate loss: -0.1006
                      Mean entropy loss: 17.0646
                            Mean reward: -4.51
                    Mean episode length: 78.42
                        Mean action std: 1.00
   Episode_Reward/track_linear_velocity: 0.0037
  Episode_Reward/track_angular_velocity: 0.0368
     Episode_Reward/body_orientation_l2: -0.0043
                    Episode_Reward/pose: 0.0600
            Episode_Reward/body_ang_vel: -0.0148
        Episode_Reward/angular_momentum: -0.0007
           Episode_Reward/is_terminated: -0.2000
            Episode_Reward/joint_acc_l2: -0.0061
        Episode_Reward/joint_pos_limits: 0.0000
          Episode_Reward/action_rate_l2: -0.1317
               Episode_Reward/foot_gait: 0.0181
          Episode_Reward/foot_clearance: -0.0132
               Episode_Reward/foot_slip: -0.0092
            Episode_Reward/soft_landing: -0.0034
             Episode_Reward/stand_still: 0.0000
        Episode_Metrics/mean_action_acc: 2.1171
             Metrics/twist/error_vel_xy: 0.1950
            Metrics/twist/error_vel_yaw: 0.1285
           Episode_Termination/time_out: 0.0000
          Episode_Termination/fell_over: 0.0000
    Episode_Termination/illegal_contact: 1.0000
          Metrics/angular_momentum_mean: 0.3825
             Metrics/slip_velocity_mean: 0.1753
             Metrics/landing_force_mean: 0.0000
--------------------------------------------------------------------------------
                         Iteration time: 7.87s
                           Time elapsed: 00:18:11
                                    ETA: 05:12:25

################################################################################
[1m                          Learning iteration 110/2000                           [0m 

                               Run name: act-pos_pdt20ms_phyDt0p1ms_tauDec4
                            Total steps: 2664 
                       Steps per second: 2 
                        Collection time: 8.935s 
                          Learning time: 0.095s 
                        Mean value loss: 0.0175
                    Mean surrogate loss: -0.0921
                      Mean entropy loss: 17.0645
                            Mean reward: -4.51
                    Mean episode length: 78.42
                        Mean action std: 1.00
   Episode_Reward/track_linear_velocity: 0.0037
  Episode_Reward/track_angular_velocity: 0.0368
     Episode_Reward/body_orientation_l2: -0.0043
                    Episode_Reward/pose: 0.0600
            Episode_Reward/body_ang_vel: -0.0148
        Episode_Reward/angular_momentum: -0.0007
           Episode_Reward/is_terminated: -0.2000
            Episode_Reward/joint_acc_l2: -0.0061
        Episode_Reward/joint_pos_limits: 0.0000
          Episode_Reward/action_rate_l2: -0.1317
               Episode_Reward/foot_gait: 0.0181
          Episode_Reward/foot_clearance: -0.0132
               Episode_Reward/foot_slip: -0.0092
            Episode_Reward/soft_landing: -0.0034
             Episode_Reward/stand_still: 0.0000
        Episode_Metrics/mean_action_acc: 2.1171
             Metrics/twist/error_vel_xy: 0.1950
            Metrics/twist/error_vel_yaw: 0.1285
           Episode_Termination/time_out: 0.0000
          Episode_Termination/fell_over: 0.0000
    Episode_Termination/illegal_contact: 1.0000
          Metrics/angular_momentum_mean: 0.4246
             Metrics/slip_velocity_mean: 0.1516
             Metrics/landing_force_mean: 0.0000
--------------------------------------------------------------------------------
                         Iteration time: 9.03s
                           Time elapsed: 00:18:20
                                    ETA: 05:12:00

################################################################################
[1m                          Learning iteration 111/2000                           [0m 

                               Run name: act-pos_pdt20ms_phyDt0p1ms_tauDec4
                            Total steps: 2688 
                       Steps per second: 2 
                        Collection time: 10.714s 
                          Learning time: 0.176s 
                        Mean value loss: 0.0064
                    Mean surrogate loss: -0.1003
                      Mean entropy loss: 17.0656
                            Mean reward: -4.51
                    Mean episode length: 78.42
                        Mean action std: 1.00
   Episode_Reward/track_linear_velocity: 0.0037
  Episode_Reward/track_angular_velocity: 0.0368
     Episode_Reward/body_orientation_l2: -0.0043
                    Episode_Reward/pose: 0.0600
            Episode_Reward/body_ang_vel: -0.0148
        Episode_Reward/angular_momentum: -0.0007
           Episode_Reward/is_terminated: -0.2000
            Episode_Reward/joint_acc_l2: -0.0061
        Episode_Reward/joint_pos_limits: 0.0000
          Episode_Reward/action_rate_l2: -0.1317
               Episode_Reward/foot_gait: 0.0181
          Episode_Reward/foot_clearance: -0.0132
               Episode_Reward/foot_slip: -0.0092
            Episode_Reward/soft_landing: -0.0034
             Episode_Reward/stand_still: 0.0000
        Episode_Metrics/mean_action_acc: 2.1171
             Metrics/twist/error_vel_xy: 0.1950
            Metrics/twist/error_vel_yaw: 0.1285
           Episode_Termination/time_out: 0.0000
          Episode_Termination/fell_over: 0.0000
    Episode_Termination/illegal_contact: 1.0000
          Metrics/angular_momentum_mean: 0.7275
             Metrics/slip_velocity_mean: 0.1759
             Metrics/landing_force_mean: 47.0780
--------------------------------------------------------------------------------
                         Iteration time: 10.89s
                           Time elapsed: 00:18:30
                                    ETA: 05:12:07

################################################################################
[1m                          Learning iteration 112/2000                           [0m 

                               Run name: act-pos_pdt20ms_phyDt0p1ms_tauDec4
                            Total steps: 2712 
                       Steps per second: 2 
                        Collection time: 11.781s 
                          Learning time: 0.115s 
                        Mean value loss: 0.0162
                    Mean surrogate loss: -0.1120
                      Mean entropy loss: 17.0655
                            Mean reward: -4.51
                    Mean episode length: 78.42
                        Mean action std: 1.00
   Episode_Reward/track_linear_velocity: 0.0037
  Episode_Reward/track_angular_velocity: 0.0368
     Episode_Reward/body_orientation_l2: -0.0043
                    Episode_Reward/pose: 0.0600
            Episode_Reward/body_ang_vel: -0.0148
        Episode_Reward/angular_momentum: -0.0007
           Episode_Reward/is_terminated: -0.2000
            Episode_Reward/joint_acc_l2: -0.0061
        Episode_Reward/joint_pos_limits: 0.0000
          Episode_Reward/action_rate_l2: -0.1317
               Episode_Reward/foot_gait: 0.0181
          Episode_Reward/foot_clearance: -0.0132
               Episode_Reward/foot_slip: -0.0092
            Episode_Reward/soft_landing: -0.0034
             Episode_Reward/stand_still: 0.0000
        Episode_Metrics/mean_action_acc: 2.1171
             Metrics/twist/error_vel_xy: 0.1950
            Metrics/twist/error_vel_yaw: 0.1285
           Episode_Termination/time_out: 0.0000
          Episode_Termination/fell_over: 0.0000
    Episode_Termination/illegal_contact: 1.0000
          Metrics/angular_momentum_mean: 0.8047
             Metrics/slip_velocity_mean: 0.2660
             Metrics/landing_force_mean: 0.0000
--------------------------------------------------------------------------------
                         Iteration time: 11.90s
                           Time elapsed: 00:18:42
                                    ETA: 05:12:30

################################################################################
[1m                          Learning iteration 113/2000                           [0m 

                               Run name: act-pos_pdt20ms_phyDt0p1ms_tauDec4
                            Total steps: 2736 
                       Steps per second: 2 
                        Collection time: 10.951s 
                          Learning time: 0.115s 
                        Mean value loss: 0.0333
                    Mean surrogate loss: -0.0998
                      Mean entropy loss: 17.0645
                            Mean reward: -4.51
                    Mean episode length: 78.42
                        Mean action std: 1.00
   Episode_Reward/track_linear_velocity: 0.0037
  Episode_Reward/track_angular_velocity: 0.0368
     Episode_Reward/body_orientation_l2: -0.0043
                    Episode_Reward/pose: 0.0600
            Episode_Reward/body_ang_vel: -0.0148
        Episode_Reward/angular_momentum: -0.0007
           Episode_Reward/is_terminated: -0.2000
            Episode_Reward/joint_acc_l2: -0.0061
        Episode_Reward/joint_pos_limits: 0.0000
          Episode_Reward/action_rate_l2: -0.1317
               Episode_Reward/foot_gait: 0.0181
          Episode_Reward/foot_clearance: -0.0132
               Episode_Reward/foot_slip: -0.0092
            Episode_Reward/soft_landing: -0.0034
             Episode_Reward/stand_still: 0.0000
        Episode_Metrics/mean_action_acc: 2.1171
             Metrics/twist/error_vel_xy: 0.1950
            Metrics/twist/error_vel_yaw: 0.1285
           Episode_Termination/time_out: 0.0000
          Episode_Termination/fell_over: 0.0000
    Episode_Termination/illegal_contact: 1.0000
          Metrics/angular_momentum_mean: 0.5368
             Metrics/slip_velocity_mean: 0.1195
             Metrics/landing_force_mean: 0.0000
--------------------------------------------------------------------------------
                         Iteration time: 11.07s
                           Time elapsed: 00:18:53
                                    ETA: 05:12:39

################################################################################
[1m                          Learning iteration 114/2000                           [0m 

                               Run name: act-pos_pdt20ms_phyDt0p1ms_tauDec4
                            Total steps: 2760 
                       Steps per second: 2 
                        Collection time: 8.804s 
                          Learning time: 0.116s 
                        Mean value loss: 0.0180
                    Mean surrogate loss: -0.1057
                      Mean entropy loss: 17.0646
                            Mean reward: -4.51
                    Mean episode length: 78.42
                        Mean action std: 1.00
   Episode_Reward/track_linear_velocity: 0.0037
  Episode_Reward/track_angular_velocity: 0.0368
     Episode_Reward/body_orientation_l2: -0.0043
                    Episode_Reward/pose: 0.0600
            Episode_Reward/body_ang_vel: -0.0148
        Episode_Reward/angular_momentum: -0.0007
           Episode_Reward/is_terminated: -0.2000
            Episode_Reward/joint_acc_l2: -0.0061
        Episode_Reward/joint_pos_limits: 0.0000
          Episode_Reward/action_rate_l2: -0.1317
               Episode_Reward/foot_gait: 0.0181
          Episode_Reward/foot_clearance: -0.0132
               Episode_Reward/foot_slip: -0.0092
            Episode_Reward/soft_landing: -0.0034
             Episode_Reward/stand_still: 0.0000
        Episode_Metrics/mean_action_acc: 2.1171
             Metrics/twist/error_vel_xy: 0.1950
            Metrics/twist/error_vel_yaw: 0.1285
           Episode_Termination/time_out: 0.0000
          Episode_Termination/fell_over: 0.0000
    Episode_Termination/illegal_contact: 1.0000
          Metrics/angular_momentum_mean: 0.6668
             Metrics/slip_velocity_mean: 0.1472
             Metrics/landing_force_mean: 78.4149
--------------------------------------------------------------------------------
                         Iteration time: 8.92s
                           Time elapsed: 00:19:02
                                    ETA: 05:12:12

################################################################################
[1m                          Learning iteration 115/2000                           [0m 

                               Run name: act-pos_pdt20ms_phyDt0p1ms_tauDec4
                            Total steps: 2784 
                       Steps per second: 2 
                        Collection time: 11.354s 
                          Learning time: 0.150s 
                        Mean value loss: 0.0217
                    Mean surrogate loss: -0.1070
                      Mean entropy loss: 17.0653
                            Mean reward: -4.51
                    Mean episode length: 78.42
                        Mean action std: 1.00
   Episode_Reward/track_linear_velocity: 0.0037
  Episode_Reward/track_angular_velocity: 0.0368
     Episode_Reward/body_orientation_l2: -0.0043
                    Episode_Reward/pose: 0.0600
            Episode_Reward/body_ang_vel: -0.0148
        Episode_Reward/angular_momentum: -0.0007
           Episode_Reward/is_terminated: -0.2000
            Episode_Reward/joint_acc_l2: -0.0061
        Episode_Reward/joint_pos_limits: 0.0000
          Episode_Reward/action_rate_l2: -0.1317
               Episode_Reward/foot_gait: 0.0181
          Episode_Reward/foot_clearance: -0.0132
               Episode_Reward/foot_slip: -0.0092
            Episode_Reward/soft_landing: -0.0034
             Episode_Reward/stand_still: 0.0000
        Episode_Metrics/mean_action_acc: 2.1171
             Metrics/twist/error_vel_xy: 0.1950
            Metrics/twist/error_vel_yaw: 0.1285
           Episode_Termination/time_out: 0.0000
          Episode_Termination/fell_over: 0.0000
    Episode_Termination/illegal_contact: 1.0000
          Metrics/angular_momentum_mean: 0.3076
             Metrics/slip_velocity_mean: 0.1370
             Metrics/landing_force_mean: 27.1828
--------------------------------------------------------------------------------
                         Iteration time: 11.50s
                           Time elapsed: 00:19:14
                                    ETA: 05:12:27

################################################################################
[1m                          Learning iteration 116/2000                           [0m 

                               Run name: act-pos_pdt20ms_phyDt0p1ms_tauDec4
                            Total steps: 2808 
                       Steps per second: 2 
                        Collection time: 10.929s 
                          Learning time: 0.186s 
                        Mean value loss: 1.0232
                    Mean surrogate loss: -0.1100
                      Mean entropy loss: 17.0650
                            Mean reward: -4.66
                    Mean episode length: 87.25
                        Mean action std: 1.00
   Episode_Reward/track_linear_velocity: 0.0289
  Episode_Reward/track_angular_velocity: 0.0968
     Episode_Reward/body_orientation_l2: -0.0102
                    Episode_Reward/pose: 0.1787
            Episode_Reward/body_ang_vel: -0.0612
        Episode_Reward/angular_momentum: -0.0020
           Episode_Reward/is_terminated: -0.2000
            Episode_Reward/joint_acc_l2: -0.0183
        Episode_Reward/joint_pos_limits: 0.0000
          Episode_Reward/action_rate_l2: -0.4101
               Episode_Reward/foot_gait: 0.0654
          Episode_Reward/foot_clearance: -0.0396
               Episode_Reward/foot_slip: -0.0260
            Episode_Reward/soft_landing: -0.0117
             Episode_Reward/stand_still: 0.0000
        Episode_Metrics/mean_action_acc: 2.1190
             Metrics/twist/error_vel_xy: 0.5418
            Metrics/twist/error_vel_yaw: 0.5143
           Episode_Termination/time_out: 0.0000
          Episode_Termination/fell_over: 0.0000
    Episode_Termination/illegal_contact: 1.0000
          Metrics/angular_momentum_mean: 0.4627
             Metrics/slip_velocity_mean: 0.2030
             Metrics/landing_force_mean: 17.7782
--------------------------------------------------------------------------------
                         Iteration time: 11.12s
                           Time elapsed: 00:19:25
                                    ETA: 05:12:36

################################################################################
[1m                          Learning iteration 117/2000                           [0m 

                               Run name: act-pos_pdt20ms_phyDt0p1ms_tauDec4
                            Total steps: 2832 
                       Steps per second: 2 
                        Collection time: 10.555s 
                          Learning time: 0.159s 
                        Mean value loss: 0.0469
                    Mean surrogate loss: -0.0961
                      Mean entropy loss: 17.0650
                            Mean reward: -4.66
                    Mean episode length: 87.25
                        Mean action std: 1.00
   Episode_Reward/track_linear_velocity: 0.0392
  Episode_Reward/track_angular_velocity: 0.1216
     Episode_Reward/body_orientation_l2: -0.0126
                    Episode_Reward/pose: 0.2275
            Episode_Reward/body_ang_vel: -0.0804
        Episode_Reward/angular_momentum: -0.0025
           Episode_Reward/is_terminated: -0.2000
            Episode_Reward/joint_acc_l2: -0.0233
        Episode_Reward/joint_pos_limits: 0.0000
          Episode_Reward/action_rate_l2: -0.5248
               Episode_Reward/foot_gait: 0.0849
          Episode_Reward/foot_clearance: -0.0505
               Episode_Reward/foot_slip: -0.0330
            Episode_Reward/soft_landing: -0.0151
             Episode_Reward/stand_still: 0.0000
        Episode_Metrics/mean_action_acc: 2.1198
             Metrics/twist/error_vel_xy: 0.6845
            Metrics/twist/error_vel_yaw: 0.6731
           Episode_Termination/time_out: 0.0000
          Episode_Termination/fell_over: 0.0000
    Episode_Termination/illegal_contact: 1.0000
          Metrics/angular_momentum_mean: 0.2119
             Metrics/slip_velocity_mean: 0.2848
             Metrics/landing_force_mean: 72.6528
--------------------------------------------------------------------------------
                         Iteration time: 10.71s
                           Time elapsed: 00:19:36
                                    ETA: 05:12:38

################################################################################
[1m                          Learning iteration 118/2000                           [0m 

                               Run name: act-pos_pdt20ms_phyDt0p1ms_tauDec4
                            Total steps: 2856 
                       Steps per second: 2 
                        Collection time: 8.957s 
                          Learning time: 0.078s 
                        Mean value loss: 0.0466
                    Mean surrogate loss: -0.0958
                      Mean entropy loss: 17.0650
                            Mean reward: -4.66
                    Mean episode length: 87.25
                        Mean action std: 1.00
   Episode_Reward/track_linear_velocity: 0.0392
  Episode_Reward/track_angular_velocity: 0.1216
     Episode_Reward/body_orientation_l2: -0.0126
                    Episode_Reward/pose: 0.2275
            Episode_Reward/body_ang_vel: -0.0804
        Episode_Reward/angular_momentum: -0.0025
           Episode_Reward/is_terminated: -0.2000
            Episode_Reward/joint_acc_l2: -0.0233
        Episode_Reward/joint_pos_limits: 0.0000
          Episode_Reward/action_rate_l2: -0.5248
               Episode_Reward/foot_gait: 0.0849
          Episode_Reward/foot_clearance: -0.0505
               Episode_Reward/foot_slip: -0.0330
            Episode_Reward/soft_landing: -0.0151
             Episode_Reward/stand_still: 0.0000
        Episode_Metrics/mean_action_acc: 2.1198
             Metrics/twist/error_vel_xy: 0.6845
            Metrics/twist/error_vel_yaw: 0.6731
           Episode_Termination/time_out: 0.0000
          Episode_Termination/fell_over: 0.0000
    Episode_Termination/illegal_contact: 1.0000
          Metrics/angular_momentum_mean: 0.5199
             Metrics/slip_velocity_mean: 0.0872
             Metrics/landing_force_mean: 0.0000
--------------------------------------------------------------------------------
                         Iteration time: 9.04s
                           Time elapsed: 00:19:45
                                    ETA: 05:12:14

################################################################################
[1m                          Learning iteration 119/2000                           [0m 

                               Run name: act-pos_pdt20ms_phyDt0p1ms_tauDec4
                            Total steps: 2880 
                       Steps per second: 3 
                        Collection time: 7.634s 
                          Learning time: 0.171s 
                        Mean value loss: 0.8170
                    Mean surrogate loss: -0.1150
                      Mean entropy loss: 17.0662
                            Mean reward: -4.66
                    Mean episode length: 86.82
                        Mean action std: 1.00
   Episode_Reward/track_linear_velocity: 0.0308
  Episode_Reward/track_angular_velocity: 0.0560
     Episode_Reward/body_orientation_l2: -0.0054
                    Episode_Reward/pose: 0.1115
            Episode_Reward/body_ang_vel: -0.0357
        Episode_Reward/angular_momentum: -0.0011
           Episode_Reward/is_terminated: -0.2000
            Episode_Reward/joint_acc_l2: -0.0108
        Episode_Reward/joint_pos_limits: 0.0000
          Episode_Reward/action_rate_l2: -0.2422
               Episode_Reward/foot_gait: 0.0401
          Episode_Reward/foot_clearance: -0.0236
               Episode_Reward/foot_slip: -0.0155
            Episode_Reward/soft_landing: -0.0070
             Episode_Reward/stand_still: 0.0000
        Episode_Metrics/mean_action_acc: 2.0976
             Metrics/twist/error_vel_xy: 0.2815
            Metrics/twist/error_vel_yaw: 0.3167
           Episode_Termination/time_out: 0.0000
          Episode_Termination/fell_over: 0.0000
    Episode_Termination/illegal_contact: 1.0000
          Metrics/angular_momentum_mean: 0.2827
             Metrics/slip_velocity_mean: 0.4582
             Metrics/landing_force_mean: 41.0095
--------------------------------------------------------------------------------
                         Iteration time: 7.81s
                           Time elapsed: 00:19:53
                                    ETA: 05:11:30

################################################################################
[1m                          Learning iteration 120/2000                           [0m 

                               Run name: act-pos_pdt20ms_phyDt0p1ms_tauDec4
                            Total steps: 2904 
                       Steps per second: 2 
                        Collection time: 8.269s 
                          Learning time: 0.101s 
                        Mean value loss: 0.0504
                    Mean surrogate loss: -0.1080
                      Mean entropy loss: 17.0662
                            Mean reward: -4.66
                    Mean episode length: 86.82
                        Mean action std: 1.00
   Episode_Reward/track_linear_velocity: 0.0266
  Episode_Reward/track_angular_velocity: 0.0233
     Episode_Reward/body_orientation_l2: -0.0019
                    Episode_Reward/pose: 0.0535
            Episode_Reward/body_ang_vel: -0.0133
        Episode_Reward/angular_momentum: -0.0003
           Episode_Reward/is_terminated: -0.2000
            Episode_Reward/joint_acc_l2: -0.0045
        Episode_Reward/joint_pos_limits: 0.0000
          Episode_Reward/action_rate_l2: -0.1009
               Episode_Reward/foot_gait: 0.0177
          Episode_Reward/foot_clearance: -0.0101
               Episode_Reward/foot_slip: -0.0067
            Episode_Reward/soft_landing: -0.0029
             Episode_Reward/stand_still: 0.0000
        Episode_Metrics/mean_action_acc: 2.0864
             Metrics/twist/error_vel_xy: 0.0799
            Metrics/twist/error_vel_yaw: 0.1384
           Episode_Termination/time_out: 0.0000
          Episode_Termination/fell_over: 0.0000
    Episode_Termination/illegal_contact: 1.0000
          Metrics/angular_momentum_mean: 0.4671
             Metrics/slip_velocity_mean: 0.5840
             Metrics/landing_force_mean: 0.0000
--------------------------------------------------------------------------------
                         Iteration time: 8.37s
                           Time elapsed: 00:20:01
                                    ETA: 05:10:56

################################################################################
[1m                          Learning iteration 121/2000                           [0m 

                               Run name: act-pos_pdt20ms_phyDt0p1ms_tauDec4
                            Total steps: 2928 
                       Steps per second: 2 
                        Collection time: 8.312s 
                          Learning time: 0.103s 
                        Mean value loss: 0.0182
                    Mean surrogate loss: -0.0933
                      Mean entropy loss: 17.0650
                            Mean reward: -4.66
                    Mean episode length: 86.82
                        Mean action std: 1.00
   Episode_Reward/track_linear_velocity: 0.0266
  Episode_Reward/track_angular_velocity: 0.0233
     Episode_Reward/body_orientation_l2: -0.0019
                    Episode_Reward/pose: 0.0535
            Episode_Reward/body_ang_vel: -0.0133
        Episode_Reward/angular_momentum: -0.0003
           Episode_Reward/is_terminated: -0.2000
            Episode_Reward/joint_acc_l2: -0.0045
        Episode_Reward/joint_pos_limits: 0.0000
          Episode_Reward/action_rate_l2: -0.1009
               Episode_Reward/foot_gait: 0.0177
          Episode_Reward/foot_clearance: -0.0101
               Episode_Reward/foot_slip: -0.0067
            Episode_Reward/soft_landing: -0.0029
             Episode_Reward/stand_still: 0.0000
        Episode_Metrics/mean_action_acc: 2.0864
             Metrics/twist/error_vel_xy: 0.0799
            Metrics/twist/error_vel_yaw: 0.1384
           Episode_Termination/time_out: 0.0000
          Episode_Termination/fell_over: 0.0000
    Episode_Termination/illegal_contact: 1.0000
          Metrics/angular_momentum_mean: 0.4499
             Metrics/slip_velocity_mean: 0.0000
             Metrics/landing_force_mean: 0.0000
--------------------------------------------------------------------------------
                         Iteration time: 8.42s
                           Time elapsed: 00:20:09
                                    ETA: 05:10:22

################################################################################
[1m                          Learning iteration 122/2000                           [0m 

                               Run name: act-pos_pdt20ms_phyDt0p1ms_tauDec4
                            Total steps: 2952 
                       Steps per second: 2 
                        Collection time: 8.514s 
                          Learning time: 0.124s 
                        Mean value loss: 0.0108
                    Mean surrogate loss: -0.1027
                      Mean entropy loss: 17.0630
                            Mean reward: -4.66
                    Mean episode length: 86.82
                        Mean action std: 1.00
   Episode_Reward/track_linear_velocity: 0.0266
  Episode_Reward/track_angular_velocity: 0.0233
     Episode_Reward/body_orientation_l2: -0.0019
                    Episode_Reward/pose: 0.0535
            Episode_Reward/body_ang_vel: -0.0133
        Episode_Reward/angular_momentum: -0.0003
           Episode_Reward/is_terminated: -0.2000
            Episode_Reward/joint_acc_l2: -0.0045
        Episode_Reward/joint_pos_limits: 0.0000
          Episode_Reward/action_rate_l2: -0.1009
               Episode_Reward/foot_gait: 0.0177
          Episode_Reward/foot_clearance: -0.0101
               Episode_Reward/foot_slip: -0.0067
            Episode_Reward/soft_landing: -0.0029
             Episode_Reward/stand_still: 0.0000
        Episode_Metrics/mean_action_acc: 2.0864
             Metrics/twist/error_vel_xy: 0.0799
            Metrics/twist/error_vel_yaw: 0.1384
           Episode_Termination/time_out: 0.0000
          Episode_Termination/fell_over: 0.0000
    Episode_Termination/illegal_contact: 1.0000
          Metrics/angular_momentum_mean: 0.6091
             Metrics/slip_velocity_mean: 0.0651
             Metrics/landing_force_mean: 0.0000
--------------------------------------------------------------------------------
                         Iteration time: 8.64s
                           Time elapsed: 00:20:18
                                    ETA: 05:09:53

################################################################################
[1m                          Learning iteration 123/2000                           [0m 

                               Run name: act-pos_pdt20ms_phyDt0p1ms_tauDec4
                            Total steps: 2976 
                       Steps per second: 1 
                        Collection time: 11.886s 
                          Learning time: 0.121s 
                        Mean value loss: 0.0045
                    Mean surrogate loss: -0.1052
                      Mean entropy loss: 17.0628
                            Mean reward: -4.66
                    Mean episode length: 86.82
                        Mean action std: 1.00
   Episode_Reward/track_linear_velocity: 0.0266
  Episode_Reward/track_angular_velocity: 0.0233
     Episode_Reward/body_orientation_l2: -0.0019
                    Episode_Reward/pose: 0.0535
            Episode_Reward/body_ang_vel: -0.0133
        Episode_Reward/angular_momentum: -0.0003
           Episode_Reward/is_terminated: -0.2000
            Episode_Reward/joint_acc_l2: -0.0045
        Episode_Reward/joint_pos_limits: 0.0000
          Episode_Reward/action_rate_l2: -0.1009
               Episode_Reward/foot_gait: 0.0177
          Episode_Reward/foot_clearance: -0.0101
               Episode_Reward/foot_slip: -0.0067
            Episode_Reward/soft_landing: -0.0029
             Episode_Reward/stand_still: 0.0000
        Episode_Metrics/mean_action_acc: 2.0864
             Metrics/twist/error_vel_xy: 0.0799
            Metrics/twist/error_vel_yaw: 0.1384
           Episode_Termination/time_out: 0.0000
          Episode_Termination/fell_over: 0.0000
    Episode_Termination/illegal_contact: 1.0000
          Metrics/angular_momentum_mean: 0.4065
             Metrics/slip_velocity_mean: 0.7957
             Metrics/landing_force_mean: 56.7971
--------------------------------------------------------------------------------
                         Iteration time: 12.01s
                           Time elapsed: 00:20:30
                                    ETA: 05:10:15

################################################################################
[1m                          Learning iteration 124/2000                           [0m 

                               Run name: act-pos_pdt20ms_phyDt0p1ms_tauDec4
                            Total steps: 3000 
                       Steps per second: 2 
                        Collection time: 11.303s 
                          Learning time: 0.148s 
                        Mean value loss: 0.0044
                    Mean surrogate loss: -0.0979
                      Mean entropy loss: 17.0636
                            Mean reward: -4.66
                    Mean episode length: 86.82
                        Mean action std: 1.00
   Episode_Reward/track_linear_velocity: 0.0266
  Episode_Reward/track_angular_velocity: 0.0233
     Episode_Reward/body_orientation_l2: -0.0019
                    Episode_Reward/pose: 0.0535
            Episode_Reward/body_ang_vel: -0.0133
        Episode_Reward/angular_momentum: -0.0003
           Episode_Reward/is_terminated: -0.2000
            Episode_Reward/joint_acc_l2: -0.0045
        Episode_Reward/joint_pos_limits: 0.0000
          Episode_Reward/action_rate_l2: -0.1009
               Episode_Reward/foot_gait: 0.0177
          Episode_Reward/foot_clearance: -0.0101
               Episode_Reward/foot_slip: -0.0067
            Episode_Reward/soft_landing: -0.0029
             Episode_Reward/stand_still: 0.0000
        Episode_Metrics/mean_action_acc: 2.0864
             Metrics/twist/error_vel_xy: 0.0799
            Metrics/twist/error_vel_yaw: 0.1384
           Episode_Termination/time_out: 0.0000
          Episode_Termination/fell_over: 0.0000
    Episode_Termination/illegal_contact: 1.0000
          Metrics/angular_momentum_mean: 0.4381
             Metrics/slip_velocity_mean: 0.0954
             Metrics/landing_force_mean: 0.0000
--------------------------------------------------------------------------------
                         Iteration time: 11.45s
                           Time elapsed: 00:20:41
                                    ETA: 05:10:28

################################################################################
[1m                          Learning iteration 125/2000                           [0m 

                               Run name: act-pos_pdt20ms_phyDt0p1ms_tauDec4
                            Total steps: 3024 
                       Steps per second: 1 
                        Collection time: 12.260s 
                          Learning time: 0.165s 
                        Mean value loss: 0.0276
                    Mean surrogate loss: -0.0923
                      Mean entropy loss: 17.0648
                            Mean reward: -4.66
                    Mean episode length: 86.82
                        Mean action std: 1.00
   Episode_Reward/track_linear_velocity: 0.0266
  Episode_Reward/track_angular_velocity: 0.0233
     Episode_Reward/body_orientation_l2: -0.0019
                    Episode_Reward/pose: 0.0535
            Episode_Reward/body_ang_vel: -0.0133
        Episode_Reward/angular_momentum: -0.0003
           Episode_Reward/is_terminated: -0.2000
            Episode_Reward/joint_acc_l2: -0.0045
        Episode_Reward/joint_pos_limits: 0.0000
          Episode_Reward/action_rate_l2: -0.1009
               Episode_Reward/foot_gait: 0.0177
          Episode_Reward/foot_clearance: -0.0101
               Episode_Reward/foot_slip: -0.0067
            Episode_Reward/soft_landing: -0.0029
             Episode_Reward/stand_still: 0.0000
        Episode_Metrics/mean_action_acc: 2.0864
             Metrics/twist/error_vel_xy: 0.0799
            Metrics/twist/error_vel_yaw: 0.1384
           Episode_Termination/time_out: 0.0000
          Episode_Termination/fell_over: 0.0000
    Episode_Termination/illegal_contact: 1.0000
          Metrics/angular_momentum_mean: 0.5755
             Metrics/slip_velocity_mean: 0.0000
             Metrics/landing_force_mean: 0.0000
--------------------------------------------------------------------------------
                         Iteration time: 12.43s
                           Time elapsed: 00:20:54
                                    ETA: 05:10:55

################################################################################
[1m                          Learning iteration 126/2000                           [0m 

                               Run name: act-pos_pdt20ms_phyDt0p1ms_tauDec4
                            Total steps: 3048 
                       Steps per second: 1 
                        Collection time: 12.732s 
                          Learning time: 0.200s 
                        Mean value loss: 0.3716
                    Mean surrogate loss: -0.1250
                      Mean entropy loss: 17.0656
                            Mean reward: -4.71
                    Mean episode length: 89.32
                        Mean action std: 1.00
   Episode_Reward/track_linear_velocity: 0.0232
  Episode_Reward/track_angular_velocity: 0.0479
     Episode_Reward/body_orientation_l2: -0.0034
                    Episode_Reward/pose: 0.0839
            Episode_Reward/body_ang_vel: -0.0214
        Episode_Reward/angular_momentum: -0.0007
           Episode_Reward/is_terminated: -0.2000
            Episode_Reward/joint_acc_l2: -0.0087
        Episode_Reward/joint_pos_limits: 0.0000
          Episode_Reward/action_rate_l2: -0.1924
               Episode_Reward/foot_gait: 0.0307
          Episode_Reward/foot_clearance: -0.0176
               Episode_Reward/foot_slip: -0.0128
            Episode_Reward/soft_landing: -0.0056
             Episode_Reward/stand_still: 0.0000
        Episode_Metrics/mean_action_acc: 2.1803
             Metrics/twist/error_vel_xy: 0.1871
            Metrics/twist/error_vel_yaw: 0.1978
           Episode_Termination/time_out: 0.0000
          Episode_Termination/fell_over: 0.0000
    Episode_Termination/illegal_contact: 1.0000
          Metrics/angular_momentum_mean: 0.6312
             Metrics/slip_velocity_mean: 0.2516
             Metrics/landing_force_mean: 15.8493
--------------------------------------------------------------------------------
                         Iteration time: 12.93s
                           Time elapsed: 00:21:07
                                    ETA: 05:11:29

################################################################################
[1m                          Learning iteration 127/2000                           [0m 

                               Run name: act-pos_pdt20ms_phyDt0p1ms_tauDec4
                            Total steps: 3072 
                       Steps per second: 1 
                        Collection time: 13.161s 
                          Learning time: 0.178s 
                        Mean value loss: 0.0225
                    Mean surrogate loss: -0.1032
                      Mean entropy loss: 17.0671
                            Mean reward: -4.71
                    Mean episode length: 89.32
                        Mean action std: 1.00
   Episode_Reward/track_linear_velocity: 0.0198
  Episode_Reward/track_angular_velocity: 0.0724
     Episode_Reward/body_orientation_l2: -0.0049
                    Episode_Reward/pose: 0.1143
            Episode_Reward/body_ang_vel: -0.0295
        Episode_Reward/angular_momentum: -0.0010
           Episode_Reward/is_terminated: -0.2000
            Episode_Reward/joint_acc_l2: -0.0128
        Episode_Reward/joint_pos_limits: 0.0000
          Episode_Reward/action_rate_l2: -0.2838
               Episode_Reward/foot_gait: 0.0436
          Episode_Reward/foot_clearance: -0.0251
               Episode_Reward/foot_slip: -0.0188
            Episode_Reward/soft_landing: -0.0083
             Episode_Reward/stand_still: 0.0000
        Episode_Metrics/mean_action_acc: 2.2741
             Metrics/twist/error_vel_xy: 0.2942
            Metrics/twist/error_vel_yaw: 0.2572
           Episode_Termination/time_out: 0.0000
          Episode_Termination/fell_over: 0.0000
    Episode_Termination/illegal_contact: 1.0000
          Metrics/angular_momentum_mean: 0.7231
             Metrics/slip_velocity_mean: 0.4186
             Metrics/landing_force_mean: 0.0000
--------------------------------------------------------------------------------
                         Iteration time: 13.34s
                           Time elapsed: 00:21:20
                                    ETA: 05:12:08

################################################################################
[1m                          Learning iteration 128/2000                           [0m 

                               Run name: act-pos_pdt20ms_phyDt0p1ms_tauDec4
                            Total steps: 3096 
                       Steps per second: 2 
                        Collection time: 8.615s 
                          Learning time: 0.197s 
                        Mean value loss: 1.3706
                    Mean surrogate loss: -0.1068
                      Mean entropy loss: 17.0675
                            Mean reward: -4.72
                    Mean episode length: 88.43
                        Mean action std: 1.00
   Episode_Reward/track_linear_velocity: 0.0191
  Episode_Reward/track_angular_velocity: 0.0678
     Episode_Reward/body_orientation_l2: -0.0047
                    Episode_Reward/pose: 0.1077
            Episode_Reward/body_ang_vel: -0.0280
        Episode_Reward/angular_momentum: -0.0010
           Episode_Reward/is_terminated: -0.2000
            Episode_Reward/joint_acc_l2: -0.0120
        Episode_Reward/joint_pos_limits: 0.0000
          Episode_Reward/action_rate_l2: -0.2674
               Episode_Reward/foot_gait: 0.0413
          Episode_Reward/foot_clearance: -0.0238
               Episode_Reward/foot_slip: -0.0177
            Episode_Reward/soft_landing: -0.0077
             Episode_Reward/stand_still: 0.0000
        Episode_Metrics/mean_action_acc: 2.2598
             Metrics/twist/error_vel_xy: 0.2765
            Metrics/twist/error_vel_yaw: 0.2450
           Episode_Termination/time_out: 0.0000
          Episode_Termination/fell_over: 0.0000
    Episode_Termination/illegal_contact: 1.0000
          Metrics/angular_momentum_mean: 0.2122
             Metrics/slip_velocity_mean: 0.4970
             Metrics/landing_force_mean: 85.0592
--------------------------------------------------------------------------------
                         Iteration time: 8.81s
                           Time elapsed: 00:21:29
                                    ETA: 05:11:41

################################################################################
[1m                          Learning iteration 129/2000                           [0m 

                               Run name: act-pos_pdt20ms_phyDt0p1ms_tauDec4
                            Total steps: 3120 
                       Steps per second: 2 
                        Collection time: 7.964s 
                          Learning time: 0.092s 
                        Mean value loss: 0.0123
                    Mean surrogate loss: -0.1025
                      Mean entropy loss: 17.0675
                            Mean reward: -4.72
                    Mean episode length: 88.43
                        Mean action std: 1.00
   Episode_Reward/track_linear_velocity: 0.0116
  Episode_Reward/track_angular_velocity: 0.0170
     Episode_Reward/body_orientation_l2: -0.0024
                    Episode_Reward/pose: 0.0345
            Episode_Reward/body_ang_vel: -0.0118
        Episode_Reward/angular_momentum: -0.0005
           Episode_Reward/is_terminated: -0.2000
            Episode_Reward/joint_acc_l2: -0.0038
        Episode_Reward/joint_pos_limits: 0.0000
          Episode_Reward/action_rate_l2: -0.0865
               Episode_Reward/foot_gait: 0.0154
          Episode_Reward/foot_clearance: -0.0097
               Episode_Reward/foot_slip: -0.0053
            Episode_Reward/soft_landing: -0.0021
             Episode_Reward/stand_still: 0.0000
        Episode_Metrics/mean_action_acc: 2.1027
             Metrics/twist/error_vel_xy: 0.0817
            Metrics/twist/error_vel_yaw: 0.1106
           Episode_Termination/time_out: 0.0000
          Episode_Termination/fell_over: 0.0000
    Episode_Termination/illegal_contact: 1.0000
          Metrics/angular_momentum_mean: 0.3417
             Metrics/slip_velocity_mean: 0.0729
             Metrics/landing_force_mean: 0.0000
--------------------------------------------------------------------------------
                         Iteration time: 8.06s
                           Time elapsed: 00:21:37
                                    ETA: 05:11:03

################################################################################
[1m                          Learning iteration 130/2000                           [0m 

                               Run name: act-pos_pdt20ms_phyDt0p1ms_tauDec4
                            Total steps: 3144 
                       Steps per second: 2 
                        Collection time: 8.187s 
                          Learning time: 0.103s 
                        Mean value loss: 0.0358
                    Mean surrogate loss: -0.0934
                      Mean entropy loss: 17.0669
                            Mean reward: -4.72
                    Mean episode length: 88.43
                        Mean action std: 1.00
   Episode_Reward/track_linear_velocity: 0.0116
  Episode_Reward/track_angular_velocity: 0.0170
     Episode_Reward/body_orientation_l2: -0.0024
                    Episode_Reward/pose: 0.0345
            Episode_Reward/body_ang_vel: -0.0118
        Episode_Reward/angular_momentum: -0.0005
           Episode_Reward/is_terminated: -0.2000
            Episode_Reward/joint_acc_l2: -0.0038
        Episode_Reward/joint_pos_limits: 0.0000
          Episode_Reward/action_rate_l2: -0.0865
               Episode_Reward/foot_gait: 0.0154
          Episode_Reward/foot_clearance: -0.0097
               Episode_Reward/foot_slip: -0.0053
            Episode_Reward/soft_landing: -0.0021
             Episode_Reward/stand_still: 0.0000
        Episode_Metrics/mean_action_acc: 2.1027
             Metrics/twist/error_vel_xy: 0.0817
            Metrics/twist/error_vel_yaw: 0.1106
           Episode_Termination/time_out: 0.0000
          Episode_Termination/fell_over: 0.0000
    Episode_Termination/illegal_contact: 1.0000
          Metrics/angular_momentum_mean: 0.2880
             Metrics/slip_velocity_mean: 0.1145
             Metrics/landing_force_mean: 0.0000
--------------------------------------------------------------------------------
                         Iteration time: 8.29s
                           Time elapsed: 00:21:45
                                    ETA: 05:10:29

################################################################################
[1m                          Learning iteration 131/2000                           [0m 

                               Run name: act-pos_pdt20ms_phyDt0p1ms_tauDec4
                            Total steps: 3168 
                       Steps per second: 3 
                        Collection time: 7.552s 
                          Learning time: 0.096s 
                        Mean value loss: 0.0091
                    Mean surrogate loss: -0.1059
                      Mean entropy loss: 17.0674
                            Mean reward: -4.72
                    Mean episode length: 88.43
                        Mean action std: 1.00
   Episode_Reward/track_linear_velocity: 0.0116
  Episode_Reward/track_angular_velocity: 0.0170
     Episode_Reward/body_orientation_l2: -0.0024
                    Episode_Reward/pose: 0.0345
            Episode_Reward/body_ang_vel: -0.0118
        Episode_Reward/angular_momentum: -0.0005
           Episode_Reward/is_terminated: -0.2000
            Episode_Reward/joint_acc_l2: -0.0038
        Episode_Reward/joint_pos_limits: 0.0000
          Episode_Reward/action_rate_l2: -0.0865
               Episode_Reward/foot_gait: 0.0154
          Episode_Reward/foot_clearance: -0.0097
               Episode_Reward/foot_slip: -0.0053
            Episode_Reward/soft_landing: -0.0021
             Episode_Reward/stand_still: 0.0000
        Episode_Metrics/mean_action_acc: 2.1027
             Metrics/twist/error_vel_xy: 0.0817
            Metrics/twist/error_vel_yaw: 0.1106
           Episode_Termination/time_out: 0.0000
          Episode_Termination/fell_over: 0.0000
    Episode_Termination/illegal_contact: 1.0000
          Metrics/angular_momentum_mean: 0.4110
             Metrics/slip_velocity_mean: 0.3267
             Metrics/landing_force_mean: 0.0000
--------------------------------------------------------------------------------
                         Iteration time: 7.65s
                           Time elapsed: 00:21:53
                                    ETA: 05:09:46

################################################################################
[1m                          Learning iteration 132/2000                           [0m 

                               Run name: act-pos_pdt20ms_phyDt0p1ms_tauDec4
                            Total steps: 3192 
                       Steps per second: 3 
                        Collection time: 7.220s 
                          Learning time: 0.134s 
                        Mean value loss: 0.0919
                    Mean surrogate loss: -0.1031
                      Mean entropy loss: 17.0707
                            Mean reward: -4.72
                    Mean episode length: 88.43
                        Mean action std: 1.00
   Episode_Reward/track_linear_velocity: 0.0116
  Episode_Reward/track_angular_velocity: 0.0170
     Episode_Reward/body_orientation_l2: -0.0024
                    Episode_Reward/pose: 0.0345
            Episode_Reward/body_ang_vel: -0.0118
        Episode_Reward/angular_momentum: -0.0005
           Episode_Reward/is_terminated: -0.2000
            Episode_Reward/joint_acc_l2: -0.0038
        Episode_Reward/joint_pos_limits: 0.0000
          Episode_Reward/action_rate_l2: -0.0865
               Episode_Reward/foot_gait: 0.0154
          Episode_Reward/foot_clearance: -0.0097
               Episode_Reward/foot_slip: -0.0053
            Episode_Reward/soft_landing: -0.0021
             Episode_Reward/stand_still: 0.0000
        Episode_Metrics/mean_action_acc: 2.1027
             Metrics/twist/error_vel_xy: 0.0817
            Metrics/twist/error_vel_yaw: 0.1106
           Episode_Termination/time_out: 0.0000
          Episode_Termination/fell_over: 0.0000
    Episode_Termination/illegal_contact: 1.0000
          Metrics/angular_momentum_mean: 0.5219
             Metrics/slip_velocity_mean: 0.4433
             Metrics/landing_force_mean: 17.8475
--------------------------------------------------------------------------------
                         Iteration time: 7.35s
                           Time elapsed: 00:22:00
                                    ETA: 05:08:59

################################################################################
[1m                          Learning iteration 133/2000                           [0m 

                               Run name: act-pos_pdt20ms_phyDt0p1ms_tauDec4
                            Total steps: 3216 
                       Steps per second: 2 
                        Collection time: 8.918s 
                          Learning time: 0.121s 
                        Mean value loss: 0.2182
                    Mean surrogate loss: -0.0924
                      Mean entropy loss: 17.0719
                            Mean reward: -4.77
                    Mean episode length: 89.06
                        Mean action std: 1.00
   Episode_Reward/track_linear_velocity: 0.0315
  Episode_Reward/track_angular_velocity: 0.0339
     Episode_Reward/body_orientation_l2: -0.0059
                    Episode_Reward/pose: 0.0222
            Episode_Reward/body_ang_vel: -0.0163
        Episode_Reward/angular_momentum: -0.0005
           Episode_Reward/is_terminated: -0.2000
            Episode_Reward/joint_acc_l2: -0.0052
        Episode_Reward/joint_pos_limits: 0.0000
          Episode_Reward/action_rate_l2: -0.1234
               Episode_Reward/foot_gait: 0.0083
          Episode_Reward/foot_clearance: -0.0053
               Episode_Reward/foot_slip: -0.0029
            Episode_Reward/soft_landing: -0.0011
             Episode_Reward/stand_still: -0.0172
        Episode_Metrics/mean_action_acc: 2.1410
             Metrics/twist/error_vel_xy: 0.0811
            Metrics/twist/error_vel_yaw: 0.1155
           Episode_Termination/time_out: 0.0000
          Episode_Termination/fell_over: 0.0000
    Episode_Termination/illegal_contact: 1.0000
          Metrics/angular_momentum_mean: 0.8224
             Metrics/slip_velocity_mean: 0.2279
             Metrics/landing_force_mean: 0.0000
--------------------------------------------------------------------------------
                         Iteration time: 9.04s
                           Time elapsed: 00:22:09
                                    ETA: 05:08:37

################################################################################
[1m                          Learning iteration 134/2000                           [0m 

                               Run name: act-pos_pdt20ms_phyDt0p1ms_tauDec4
                            Total steps: 3240 
                       Steps per second: 3 
                        Collection time: 7.720s 
                          Learning time: 0.183s 
                        Mean value loss: 0.0500
                    Mean surrogate loss: -0.0990
                      Mean entropy loss: 17.0710
                            Mean reward: -4.77
                    Mean episode length: 89.06
                        Mean action std: 1.00
   Episode_Reward/track_linear_velocity: 0.0551
  Episode_Reward/track_angular_velocity: 0.0538
     Episode_Reward/body_orientation_l2: -0.0100
                    Episode_Reward/pose: 0.0077
            Episode_Reward/body_ang_vel: -0.0217
        Episode_Reward/angular_momentum: -0.0005
           Episode_Reward/is_terminated: -0.2000
            Episode_Reward/joint_acc_l2: -0.0070
        Episode_Reward/joint_pos_limits: 0.0000
          Episode_Reward/action_rate_l2: -0.1671
               Episode_Reward/foot_gait: 0.0000
          Episode_Reward/foot_clearance: 0.0000
               Episode_Reward/foot_slip: 0.0000
            Episode_Reward/soft_landing: 0.0000
             Episode_Reward/stand_still: -0.0374
        Episode_Metrics/mean_action_acc: 2.1864
             Metrics/twist/error_vel_xy: 0.0804
            Metrics/twist/error_vel_yaw: 0.1213
           Episode_Termination/time_out: 0.0000
          Episode_Termination/fell_over: 0.0000
    Episode_Termination/illegal_contact: 1.0000
          Metrics/angular_momentum_mean: 0.9166
             Metrics/slip_velocity_mean: 0.0544
             Metrics/landing_force_mean: 0.0000
--------------------------------------------------------------------------------
                         Iteration time: 7.90s
                           Time elapsed: 00:22:17
                                    ETA: 05:07:59

################################################################################
[1m                          Learning iteration 135/2000                           [0m 

                               Run name: act-pos_pdt20ms_phyDt0p1ms_tauDec4
                            Total steps: 3264 
                       Steps per second: 3 
                        Collection time: 7.643s 
                          Learning time: 0.112s 
                        Mean value loss: 1.6153
                    Mean surrogate loss: -0.1059
                      Mean entropy loss: 17.0719
                            Mean reward: -4.77
                    Mean episode length: 88.11
                        Mean action std: 1.00
   Episode_Reward/track_linear_velocity: 0.0491
  Episode_Reward/track_angular_velocity: 0.0471
     Episode_Reward/body_orientation_l2: -0.0082
                    Episode_Reward/pose: 0.0132
            Episode_Reward/body_ang_vel: -0.0188
        Episode_Reward/angular_momentum: -0.0005
           Episode_Reward/is_terminated: -0.2000
            Episode_Reward/joint_acc_l2: -0.0064
        Episode_Reward/joint_pos_limits: 0.0000
          Episode_Reward/action_rate_l2: -0.1516
               Episode_Reward/foot_gait: 0.0027
          Episode_Reward/foot_clearance: -0.0019
               Episode_Reward/foot_slip: -0.0016
            Episode_Reward/soft_landing: -0.0005
             Episode_Reward/stand_still: -0.0296
        Episode_Metrics/mean_action_acc: 2.2117
             Metrics/twist/error_vel_xy: 0.0706
            Metrics/twist/error_vel_yaw: 0.1120
           Episode_Termination/time_out: 0.0000
          Episode_Termination/fell_over: 0.0000
    Episode_Termination/illegal_contact: 1.0000
          Metrics/angular_momentum_mean: 0.5994
             Metrics/slip_velocity_mean: 0.0702
             Metrics/landing_force_mean: 0.0000
--------------------------------------------------------------------------------
                         Iteration time: 7.75s
                           Time elapsed: 00:22:25
                                    ETA: 05:07:20

################################################################################
[1m                          Learning iteration 136/2000                           [0m 

                               Run name: act-pos_pdt20ms_phyDt0p1ms_tauDec4
                            Total steps: 3288 
                       Steps per second: 2 
                        Collection time: 9.521s 
                          Learning time: 0.101s 
                        Mean value loss: 0.0261
                    Mean surrogate loss: -0.1086
                      Mean entropy loss: 17.0731
                            Mean reward: -4.77
                    Mean episode length: 88.11
                        Mean action std: 1.00
   Episode_Reward/track_linear_velocity: 0.0262
  Episode_Reward/track_angular_velocity: 0.0220
     Episode_Reward/body_orientation_l2: -0.0015
                    Episode_Reward/pose: 0.0343
            Episode_Reward/body_ang_vel: -0.0080
        Episode_Reward/angular_momentum: -0.0003
           Episode_Reward/is_terminated: -0.2000
            Episode_Reward/joint_acc_l2: -0.0042
        Episode_Reward/joint_pos_limits: 0.0000
          Episode_Reward/action_rate_l2: -0.0931
               Episode_Reward/foot_gait: 0.0131
          Episode_Reward/foot_clearance: -0.0089
               Episode_Reward/foot_slip: -0.0076
            Episode_Reward/soft_landing: -0.0023
             Episode_Reward/stand_still: 0.0000
        Episode_Metrics/mean_action_acc: 2.3078
             Metrics/twist/error_vel_xy: 0.0334
            Metrics/twist/error_vel_yaw: 0.0769
           Episode_Termination/time_out: 0.0000
          Episode_Termination/fell_over: 0.0000
    Episode_Termination/illegal_contact: 1.0000
          Metrics/angular_momentum_mean: 0.6087
             Metrics/slip_velocity_mean: 0.1510
             Metrics/landing_force_mean: 88.9442
--------------------------------------------------------------------------------
                         Iteration time: 9.62s
                           Time elapsed: 00:22:35
                                    ETA: 05:07:06

################################################################################
[1m                          Learning iteration 137/2000                           [0m 

                               Run name: act-pos_pdt20ms_phyDt0p1ms_tauDec4
                            Total steps: 3312 
                       Steps per second: 1 
                        Collection time: 11.887s 
                          Learning time: 0.130s 
                        Mean value loss: 0.1812
                    Mean surrogate loss: -0.1026
                      Mean entropy loss: 17.0729
                            Mean reward: -4.77
                    Mean episode length: 88.11
                        Mean action std: 1.00
   Episode_Reward/track_linear_velocity: 0.0262
  Episode_Reward/track_angular_velocity: 0.0220
     Episode_Reward/body_orientation_l2: -0.0015
                    Episode_Reward/pose: 0.0343
            Episode_Reward/body_ang_vel: -0.0080
        Episode_Reward/angular_momentum: -0.0003
           Episode_Reward/is_terminated: -0.2000
            Episode_Reward/joint_acc_l2: -0.0042
        Episode_Reward/joint_pos_limits: 0.0000
          Episode_Reward/action_rate_l2: -0.0931
               Episode_Reward/foot_gait: 0.0131
          Episode_Reward/foot_clearance: -0.0089
               Episode_Reward/foot_slip: -0.0076
            Episode_Reward/soft_landing: -0.0023
             Episode_Reward/stand_still: 0.0000
        Episode_Metrics/mean_action_acc: 2.3078
             Metrics/twist/error_vel_xy: 0.0334
            Metrics/twist/error_vel_yaw: 0.0769
           Episode_Termination/time_out: 0.0000
          Episode_Termination/fell_over: 0.0000
    Episode_Termination/illegal_contact: 1.0000
          Metrics/angular_momentum_mean: 0.4525
             Metrics/slip_velocity_mean: 0.4137
             Metrics/landing_force_mean: 62.7230
--------------------------------------------------------------------------------
                         Iteration time: 12.02s
                           Time elapsed: 00:22:47
                                    ETA: 05:07:25

################################################################################
[1m                          Learning iteration 138/2000                           [0m 

                               Run name: act-pos_pdt20ms_phyDt0p1ms_tauDec4
                            Total steps: 3336 
                       Steps per second: 2 
                        Collection time: 9.363s 
                          Learning time: 0.122s 
                        Mean value loss: 0.1476
                    Mean surrogate loss: -0.0893
                      Mean entropy loss: 17.0732
                            Mean reward: -4.78
                    Mean episode length: 87.39
                        Mean action std: 1.00
   Episode_Reward/track_linear_velocity: 0.0289
  Episode_Reward/track_angular_velocity: 0.0226
     Episode_Reward/body_orientation_l2: -0.0043
                    Episode_Reward/pose: 0.0145
            Episode_Reward/body_ang_vel: -0.0138
        Episode_Reward/angular_momentum: -0.0004
           Episode_Reward/is_terminated: -0.2000
            Episode_Reward/joint_acc_l2: -0.0040
        Episode_Reward/joint_pos_limits: 0.0000
          Episode_Reward/action_rate_l2: -0.0873
               Episode_Reward/foot_gait: 0.0044
          Episode_Reward/foot_clearance: -0.0030
               Episode_Reward/foot_slip: -0.0025
            Episode_Reward/soft_landing: -0.0008
             Episode_Reward/stand_still: -0.0134
        Episode_Metrics/mean_action_acc: 2.1572
             Metrics/twist/error_vel_xy: 0.0441
            Metrics/twist/error_vel_yaw: 0.0802
           Episode_Termination/time_out: 0.0000
          Episode_Termination/fell_over: 0.0000
    Episode_Termination/illegal_contact: 1.0000
          Metrics/angular_momentum_mean: 0.7307
             Metrics/slip_velocity_mean: 0.3231
             Metrics/landing_force_mean: 0.0000
--------------------------------------------------------------------------------
                         Iteration time: 9.49s
                           Time elapsed: 00:22:56
                                    ETA: 05:07:10

################################################################################
[1m                          Learning iteration 139/2000                           [0m 

                               Run name: act-pos_pdt20ms_phyDt0p1ms_tauDec4
                            Total steps: 3360 
                       Steps per second: 2 
                        Collection time: 11.277s 
                          Learning time: 0.151s 
                        Mean value loss: 0.0968
                    Mean surrogate loss: -0.1005
                      Mean entropy loss: 17.0740
                            Mean reward: -4.78
                    Mean episode length: 87.39
                        Mean action std: 1.00
   Episode_Reward/track_linear_velocity: 0.0302
  Episode_Reward/track_angular_velocity: 0.0228
     Episode_Reward/body_orientation_l2: -0.0057
                    Episode_Reward/pose: 0.0045
            Episode_Reward/body_ang_vel: -0.0167
        Episode_Reward/angular_momentum: -0.0004
           Episode_Reward/is_terminated: -0.2000
            Episode_Reward/joint_acc_l2: -0.0039
        Episode_Reward/joint_pos_limits: 0.0000
          Episode_Reward/action_rate_l2: -0.0843
               Episode_Reward/foot_gait: 0.0000
          Episode_Reward/foot_clearance: 0.0000
               Episode_Reward/foot_slip: 0.0000
            Episode_Reward/soft_landing: 0.0000
             Episode_Reward/stand_still: -0.0201
        Episode_Metrics/mean_action_acc: 2.0818
             Metrics/twist/error_vel_xy: 0.0495
            Metrics/twist/error_vel_yaw: 0.0818
           Episode_Termination/time_out: 0.0000
          Episode_Termination/fell_over: 0.0000
    Episode_Termination/illegal_contact: 1.0000
          Metrics/angular_momentum_mean: 0.5461
             Metrics/slip_velocity_mean: 0.4444
             Metrics/landing_force_mean: 0.0000
--------------------------------------------------------------------------------
                         Iteration time: 11.43s
                           Time elapsed: 00:23:07
                                    ETA: 05:07:20

################################################################################
[1m                          Learning iteration 140/2000                           [0m 

                               Run name: act-pos_pdt20ms_phyDt0p1ms_tauDec4
                            Total steps: 3384 
                       Steps per second: 2 
                        Collection time: 10.039s 
                          Learning time: 0.140s 
                        Mean value loss: 0.0175
                    Mean surrogate loss: -0.1043
                      Mean entropy loss: 17.0734
                            Mean reward: -4.78
                    Mean episode length: 87.39
                        Mean action std: 1.00
   Episode_Reward/track_linear_velocity: 0.0302
  Episode_Reward/track_angular_velocity: 0.0228
     Episode_Reward/body_orientation_l2: -0.0057
                    Episode_Reward/pose: 0.0045
            Episode_Reward/body_ang_vel: -0.0167
        Episode_Reward/angular_momentum: -0.0004
           Episode_Reward/is_terminated: -0.2000
            Episode_Reward/joint_acc_l2: -0.0039
        Episode_Reward/joint_pos_limits: 0.0000
          Episode_Reward/action_rate_l2: -0.0843
               Episode_Reward/foot_gait: 0.0000
          Episode_Reward/foot_clearance: 0.0000
               Episode_Reward/foot_slip: 0.0000
            Episode_Reward/soft_landing: 0.0000
             Episode_Reward/stand_still: -0.0201
        Episode_Metrics/mean_action_acc: 2.0818
             Metrics/twist/error_vel_xy: 0.0495
            Metrics/twist/error_vel_yaw: 0.0818
           Episode_Termination/time_out: 0.0000
          Episode_Termination/fell_over: 0.0000
    Episode_Termination/illegal_contact: 1.0000
          Metrics/angular_momentum_mean: 0.6926
             Metrics/slip_velocity_mean: 0.1754
             Metrics/landing_force_mean: 0.0000
--------------------------------------------------------------------------------
                         Iteration time: 10.18s
                           Time elapsed: 00:23:18
                                    ETA: 05:07:13

################################################################################
[1m                          Learning iteration 141/2000                           [0m 

                               Run name: act-pos_pdt20ms_phyDt0p1ms_tauDec4
                            Total steps: 3408 
                       Steps per second: 2 
                        Collection time: 9.678s 
                          Learning time: 0.199s 
                        Mean value loss: 0.4726
                    Mean surrogate loss: -0.1057
                      Mean entropy loss: 17.0731
                            Mean reward: -4.79
                    Mean episode length: 87.03
                        Mean action std: 1.00
   Episode_Reward/track_linear_velocity: 0.0249
  Episode_Reward/track_angular_velocity: 0.0289
     Episode_Reward/body_orientation_l2: -0.0066
                    Episode_Reward/pose: 0.0275
            Episode_Reward/body_ang_vel: -0.0174
        Episode_Reward/angular_momentum: -0.0005
           Episode_Reward/is_terminated: -0.2000
            Episode_Reward/joint_acc_l2: -0.0048
        Episode_Reward/joint_pos_limits: 0.0000
          Episode_Reward/action_rate_l2: -0.1015
               Episode_Reward/foot_gait: 0.0119
          Episode_Reward/foot_clearance: -0.0068
               Episode_Reward/foot_slip: -0.0036
            Episode_Reward/soft_landing: -0.0015
             Episode_Reward/stand_still: -0.0075
        Episode_Metrics/mean_action_acc: 2.1191
             Metrics/twist/error_vel_xy: 0.0740
            Metrics/twist/error_vel_yaw: 0.0849
           Episode_Termination/time_out: 0.0000
          Episode_Termination/fell_over: 0.0000
    Episode_Termination/illegal_contact: 1.0000
          Metrics/angular_momentum_mean: 0.2005
             Metrics/slip_velocity_mean: 0.1427
             Metrics/landing_force_mean: 15.4852
--------------------------------------------------------------------------------
                         Iteration time: 9.88s
                           Time elapsed: 00:23:28
                                    ETA: 05:07:03

################################################################################
[1m                          Learning iteration 142/2000                           [0m 

                               Run name: act-pos_pdt20ms_phyDt0p1ms_tauDec4
                            Total steps: 3432 
                       Steps per second: 2 
                        Collection time: 8.054s 
                          Learning time: 0.224s 
                        Mean value loss: 0.5067
                    Mean surrogate loss: -0.1019
                      Mean entropy loss: 17.0727
                            Mean reward: -4.77
                    Mean episode length: 85.78
                        Mean action std: 1.00
   Episode_Reward/track_linear_velocity: 0.0212
  Episode_Reward/track_angular_velocity: 0.0310
     Episode_Reward/body_orientation_l2: -0.0067
                    Episode_Reward/pose: 0.0401
            Episode_Reward/body_ang_vel: -0.0166
        Episode_Reward/angular_momentum: -0.0006
           Episode_Reward/is_terminated: -0.2000
            Episode_Reward/joint_acc_l2: -0.0051
        Episode_Reward/joint_pos_limits: 0.0000
          Episode_Reward/action_rate_l2: -0.1067
               Episode_Reward/foot_gait: 0.0181
          Episode_Reward/foot_clearance: -0.0104
               Episode_Reward/foot_slip: -0.0055
            Episode_Reward/soft_landing: -0.0023
             Episode_Reward/stand_still: 0.0000
        Episode_Metrics/mean_action_acc: 2.1314
             Metrics/twist/error_vel_xy: 0.0842
            Metrics/twist/error_vel_yaw: 0.0844
           Episode_Termination/time_out: 0.0000
          Episode_Termination/fell_over: 0.0000
    Episode_Termination/illegal_contact: 1.0000
          Metrics/angular_momentum_mean: 0.5090
             Metrics/slip_velocity_mean: 0.2295
             Metrics/landing_force_mean: 16.3452
--------------------------------------------------------------------------------
                         Iteration time: 8.28s
                           Time elapsed: 00:23:36
                                    ETA: 05:06:32

################################################################################
[1m                          Learning iteration 143/2000                           [0m 

                               Run name: act-pos_pdt20ms_phyDt0p1ms_tauDec4
                            Total steps: 3456 
                       Steps per second: 2 
                        Collection time: 8.108s 
                          Learning time: 0.092s 
                        Mean value loss: 0.0279
                    Mean surrogate loss: -0.1066
                      Mean entropy loss: 17.0715
                            Mean reward: -4.77
                    Mean episode length: 85.78
                        Mean action std: 1.00
   Episode_Reward/track_linear_velocity: 0.0149
  Episode_Reward/track_angular_velocity: 0.0154
     Episode_Reward/body_orientation_l2: -0.0012
                    Episode_Reward/pose: 0.0270
            Episode_Reward/body_ang_vel: -0.0043
        Episode_Reward/angular_momentum: -0.0002
           Episode_Reward/is_terminated: -0.2000
            Episode_Reward/joint_acc_l2: -0.0020
        Episode_Reward/joint_pos_limits: 0.0000
          Episode_Reward/action_rate_l2: -0.0500
               Episode_Reward/foot_gait: 0.0080
          Episode_Reward/foot_clearance: -0.0052
               Episode_Reward/foot_slip: -0.0029
            Episode_Reward/soft_landing: -0.0013
             Episode_Reward/stand_still: 0.0000
        Episode_Metrics/mean_action_acc: 2.0197
             Metrics/twist/error_vel_xy: 0.0339
            Metrics/twist/error_vel_yaw: 0.0580
           Episode_Termination/time_out: 0.0000
          Episode_Termination/fell_over: 0.0000
    Episode_Termination/illegal_contact: 1.0000
          Metrics/angular_momentum_mean: 0.2848
             Metrics/slip_velocity_mean: 0.3245
             Metrics/landing_force_mean: 0.0000
--------------------------------------------------------------------------------
                         Iteration time: 8.20s
                           Time elapsed: 00:23:44
                                    ETA: 05:06:00

################################################################################
[1m                          Learning iteration 144/2000                           [0m 

                               Run name: act-pos_pdt20ms_phyDt0p1ms_tauDec4
                            Total steps: 3480 
                       Steps per second: 2 
                        Collection time: 8.425s 
                          Learning time: 0.101s 
                        Mean value loss: 0.0203
                    Mean surrogate loss: -0.0995
                      Mean entropy loss: 17.0696
                            Mean reward: -4.77
                    Mean episode length: 85.78
                        Mean action std: 1.00
   Episode_Reward/track_linear_velocity: 0.0149
  Episode_Reward/track_angular_velocity: 0.0154
     Episode_Reward/body_orientation_l2: -0.0012
                    Episode_Reward/pose: 0.0270
            Episode_Reward/body_ang_vel: -0.0043
        Episode_Reward/angular_momentum: -0.0002
           Episode_Reward/is_terminated: -0.2000
            Episode_Reward/joint_acc_l2: -0.0020
        Episode_Reward/joint_pos_limits: 0.0000
          Episode_Reward/action_rate_l2: -0.0500
               Episode_Reward/foot_gait: 0.0080
          Episode_Reward/foot_clearance: -0.0052
               Episode_Reward/foot_slip: -0.0029
            Episode_Reward/soft_landing: -0.0013
             Episode_Reward/stand_still: 0.0000
        Episode_Metrics/mean_action_acc: 2.0197
             Metrics/twist/error_vel_xy: 0.0339
            Metrics/twist/error_vel_yaw: 0.0580
           Episode_Termination/time_out: 0.0000
          Episode_Termination/fell_over: 0.0000
    Episode_Termination/illegal_contact: 1.0000
          Metrics/angular_momentum_mean: 0.8347
             Metrics/slip_velocity_mean: 0.0831
             Metrics/landing_force_mean: 0.0000
--------------------------------------------------------------------------------
                         Iteration time: 8.53s
                           Time elapsed: 00:23:53
                                    ETA: 05:05:33

################################################################################
[1m                          Learning iteration 145/2000                           [0m 

                               Run name: act-pos_pdt20ms_phyDt0p1ms_tauDec4
                            Total steps: 3504 
                       Steps per second: 2 
                        Collection time: 8.351s 
                          Learning time: 0.119s 
                        Mean value loss: 0.0303
                    Mean surrogate loss: -0.1079
                      Mean entropy loss: 17.0676
                            Mean reward: -4.77
                    Mean episode length: 85.78
                        Mean action std: 1.00
   Episode_Reward/track_linear_velocity: 0.0149
  Episode_Reward/track_angular_velocity: 0.0154
     Episode_Reward/body_orientation_l2: -0.0012
                    Episode_Reward/pose: 0.0270
            Episode_Reward/body_ang_vel: -0.0043
        Episode_Reward/angular_momentum: -0.0002
           Episode_Reward/is_terminated: -0.2000
            Episode_Reward/joint_acc_l2: -0.0020
        Episode_Reward/joint_pos_limits: 0.0000
          Episode_Reward/action_rate_l2: -0.0500
               Episode_Reward/foot_gait: 0.0080
          Episode_Reward/foot_clearance: -0.0052
               Episode_Reward/foot_slip: -0.0029
            Episode_Reward/soft_landing: -0.0013
             Episode_Reward/stand_still: 0.0000
        Episode_Metrics/mean_action_acc: 2.0197
             Metrics/twist/error_vel_xy: 0.0339
            Metrics/twist/error_vel_yaw: 0.0580
           Episode_Termination/time_out: 0.0000
          Episode_Termination/fell_over: 0.0000
    Episode_Termination/illegal_contact: 1.0000
          Metrics/angular_momentum_mean: 0.6980
             Metrics/slip_velocity_mean: 0.6917
             Metrics/landing_force_mean: 149.5241
--------------------------------------------------------------------------------
                         Iteration time: 8.47s
                           Time elapsed: 00:24:01
                                    ETA: 05:05:05

################################################################################
[1m                          Learning iteration 146/2000                           [0m 

                               Run name: act-pos_pdt20ms_phyDt0p1ms_tauDec4
                            Total steps: 3528 
                       Steps per second: 2 
                        Collection time: 8.889s 
                          Learning time: 0.106s 
                        Mean value loss: 1.0975
                    Mean surrogate loss: -0.0986
                      Mean entropy loss: 17.0684
                            Mean reward: -4.79
                    Mean episode length: 85.85
                        Mean action std: 1.00
   Episode_Reward/track_linear_velocity: 0.0182
  Episode_Reward/track_angular_velocity: 0.0173
     Episode_Reward/body_orientation_l2: -0.0029
                    Episode_Reward/pose: 0.0323
            Episode_Reward/body_ang_vel: -0.0078
        Episode_Reward/angular_momentum: -0.0004
           Episode_Reward/is_terminated: -0.2000
            Episode_Reward/joint_acc_l2: -0.0032
        Episode_Reward/joint_pos_limits: 0.0000
          Episode_Reward/action_rate_l2: -0.0799
               Episode_Reward/foot_gait: 0.0138
          Episode_Reward/foot_clearance: -0.0085
               Episode_Reward/foot_slip: -0.0044
            Episode_Reward/soft_landing: -0.0023
             Episode_Reward/stand_still: 0.0000
        Episode_Metrics/mean_action_acc: 2.0600
             Metrics/twist/error_vel_xy: 0.0642
            Metrics/twist/error_vel_yaw: 0.1178
           Episode_Termination/time_out: 0.0000
          Episode_Termination/fell_over: 0.0000
    Episode_Termination/illegal_contact: 1.0000
          Metrics/angular_momentum_mean: 0.5301
             Metrics/slip_velocity_mean: 0.1357
             Metrics/landing_force_mean: 0.0000
--------------------------------------------------------------------------------
                         Iteration time: 9.00s
                           Time elapsed: 00:24:10
                                    ETA: 05:04:44

################################################################################
[1m                          Learning iteration 147/2000                           [0m 

                               Run name: act-pos_pdt20ms_phyDt0p1ms_tauDec4
                            Total steps: 3552 
                       Steps per second: 2 
                        Collection time: 9.575s 
                          Learning time: 0.130s 
                        Mean value loss: 0.0335
                    Mean surrogate loss: -0.0907
                      Mean entropy loss: 17.0692
                            Mean reward: -4.79
                    Mean episode length: 85.85
                        Mean action std: 1.00
   Episode_Reward/track_linear_velocity: 0.0238
  Episode_Reward/track_angular_velocity: 0.0205
     Episode_Reward/body_orientation_l2: -0.0057
                    Episode_Reward/pose: 0.0413
            Episode_Reward/body_ang_vel: -0.0135
        Episode_Reward/angular_momentum: -0.0008
           Episode_Reward/is_terminated: -0.2000
            Episode_Reward/joint_acc_l2: -0.0053
        Episode_Reward/joint_pos_limits: 0.0000
          Episode_Reward/action_rate_l2: -0.1295
               Episode_Reward/foot_gait: 0.0235
          Episode_Reward/foot_clearance: -0.0140
               Episode_Reward/foot_slip: -0.0069
            Episode_Reward/soft_landing: -0.0039
             Episode_Reward/stand_still: 0.0000
        Episode_Metrics/mean_action_acc: 2.1273
             Metrics/twist/error_vel_xy: 0.1147
            Metrics/twist/error_vel_yaw: 0.2176
           Episode_Termination/time_out: 0.0000
          Episode_Termination/fell_over: 0.0000
    Episode_Termination/illegal_contact: 1.0000
          Metrics/angular_momentum_mean: 0.5035
             Metrics/slip_velocity_mean: 0.3485
             Metrics/landing_force_mean: 123.9218
--------------------------------------------------------------------------------
                         Iteration time: 9.71s
                           Time elapsed: 00:24:20
                                    ETA: 05:04:32

################################################################################
[1m                          Learning iteration 148/2000                           [0m 

                               Run name: act-pos_pdt20ms_phyDt0p1ms_tauDec4
                            Total steps: 3576 
                       Steps per second: 2 
                        Collection time: 11.514s 
                          Learning time: 0.085s 
                        Mean value loss: 0.0143
                    Mean surrogate loss: -0.0971
                      Mean entropy loss: 17.0673
                            Mean reward: -4.79
                    Mean episode length: 85.85
                        Mean action std: 1.00
   Episode_Reward/track_linear_velocity: 0.0238
  Episode_Reward/track_angular_velocity: 0.0205
     Episode_Reward/body_orientation_l2: -0.0057
                    Episode_Reward/pose: 0.0413
            Episode_Reward/body_ang_vel: -0.0135
        Episode_Reward/angular_momentum: -0.0008
           Episode_Reward/is_terminated: -0.2000
            Episode_Reward/joint_acc_l2: -0.0053
        Episode_Reward/joint_pos_limits: 0.0000
          Episode_Reward/action_rate_l2: -0.1295
               Episode_Reward/foot_gait: 0.0235
          Episode_Reward/foot_clearance: -0.0140
               Episode_Reward/foot_slip: -0.0069
            Episode_Reward/soft_landing: -0.0039
             Episode_Reward/stand_still: 0.0000
        Episode_Metrics/mean_action_acc: 2.1273
             Metrics/twist/error_vel_xy: 0.1147
            Metrics/twist/error_vel_yaw: 0.2176
           Episode_Termination/time_out: 0.0000
          Episode_Termination/fell_over: 0.0000
    Episode_Termination/illegal_contact: 1.0000
          Metrics/angular_momentum_mean: 0.1682
             Metrics/slip_velocity_mean: 0.4335
             Metrics/landing_force_mean: 86.6182
--------------------------------------------------------------------------------
                         Iteration time: 11.60s
                           Time elapsed: 00:24:31
                                    ETA: 05:04:44

################################################################################
[1m                          Learning iteration 149/2000                           [0m 

                               Run name: act-pos_pdt20ms_phyDt0p1ms_tauDec4
                            Total steps: 3600 
                       Steps per second: 2 
                        Collection time: 11.534s 
                          Learning time: 0.106s 
                        Mean value loss: 0.0251
                    Mean surrogate loss: -0.0918
                      Mean entropy loss: 17.0654
                            Mean reward: -4.79
                    Mean episode length: 85.85
                        Mean action std: 1.00
   Episode_Reward/track_linear_velocity: 0.0238
  Episode_Reward/track_angular_velocity: 0.0205
     Episode_Reward/body_orientation_l2: -0.0057
                    Episode_Reward/pose: 0.0413
            Episode_Reward/body_ang_vel: -0.0135
        Episode_Reward/angular_momentum: -0.0008
           Episode_Reward/is_terminated: -0.2000
            Episode_Reward/joint_acc_l2: -0.0053
        Episode_Reward/joint_pos_limits: 0.0000
          Episode_Reward/action_rate_l2: -0.1295
               Episode_Reward/foot_gait: 0.0235
          Episode_Reward/foot_clearance: -0.0140
               Episode_Reward/foot_slip: -0.0069
            Episode_Reward/soft_landing: -0.0039
             Episode_Reward/stand_still: 0.0000
        Episode_Metrics/mean_action_acc: 2.1273
             Metrics/twist/error_vel_xy: 0.1147
            Metrics/twist/error_vel_yaw: 0.2176
           Episode_Termination/time_out: 0.0000
          Episode_Termination/fell_over: 0.0000
    Episode_Termination/illegal_contact: 1.0000
          Metrics/angular_momentum_mean: 0.1293
             Metrics/slip_velocity_mean: 0.1135
             Metrics/landing_force_mean: 0.0000
--------------------------------------------------------------------------------
                         Iteration time: 11.64s
                           Time elapsed: 00:24:43
                                    ETA: 05:04:55

################################################################################
[1m                          Learning iteration 150/2000                           [0m 

                               Run name: act-pos_pdt20ms_phyDt0p1ms_tauDec4
                            Total steps: 3624 
                       Steps per second: 2 
                        Collection time: 9.745s 
                          Learning time: 0.186s 
                        Mean value loss: 0.0091
                    Mean surrogate loss: -0.0990
                      Mean entropy loss: 17.0628
                            Mean reward: -4.79
                    Mean episode length: 85.85
                        Mean action std: 1.00
   Episode_Reward/track_linear_velocity: 0.0238
  Episode_Reward/track_angular_velocity: 0.0205
     Episode_Reward/body_orientation_l2: -0.0057
                    Episode_Reward/pose: 0.0413
            Episode_Reward/body_ang_vel: -0.0135
        Episode_Reward/angular_momentum: -0.0008
           Episode_Reward/is_terminated: -0.2000
            Episode_Reward/joint_acc_l2: -0.0053
        Episode_Reward/joint_pos_limits: 0.0000
          Episode_Reward/action_rate_l2: -0.1295
               Episode_Reward/foot_gait: 0.0235
          Episode_Reward/foot_clearance: -0.0140
               Episode_Reward/foot_slip: -0.0069
            Episode_Reward/soft_landing: -0.0039
             Episode_Reward/stand_still: 0.0000
        Episode_Metrics/mean_action_acc: 2.1273
             Metrics/twist/error_vel_xy: 0.1147
            Metrics/twist/error_vel_yaw: 0.2176
           Episode_Termination/time_out: 0.0000
          Episode_Termination/fell_over: 0.0000
    Episode_Termination/illegal_contact: 1.0000
          Metrics/angular_momentum_mean: 0.2659
             Metrics/slip_velocity_mean: 0.1584
             Metrics/landing_force_mean: 0.0000
--------------------------------------------------------------------------------
                         Iteration time: 9.93s
                           Time elapsed: 00:24:53
                                    ETA: 05:04:46

################################################################################
[1m                          Learning iteration 151/2000                           [0m 

                               Run name: act-pos_pdt20ms_phyDt0p1ms_tauDec4
                            Total steps: 3648 
                       Steps per second: 1 
                        Collection time: 11.907s 
                          Learning time: 0.174s 
                        Mean value loss: 0.0358
                    Mean surrogate loss: -0.0913
                      Mean entropy loss: 17.0609
                            Mean reward: -4.79
                    Mean episode length: 85.85
                        Mean action std: 1.00
   Episode_Reward/track_linear_velocity: 0.0238
  Episode_Reward/track_angular_velocity: 0.0205
     Episode_Reward/body_orientation_l2: -0.0057
                    Episode_Reward/pose: 0.0413
            Episode_Reward/body_ang_vel: -0.0135
        Episode_Reward/angular_momentum: -0.0008
           Episode_Reward/is_terminated: -0.2000
            Episode_Reward/joint_acc_l2: -0.0053
        Episode_Reward/joint_pos_limits: 0.0000
          Episode_Reward/action_rate_l2: -0.1295
               Episode_Reward/foot_gait: 0.0235
          Episode_Reward/foot_clearance: -0.0140
               Episode_Reward/foot_slip: -0.0069
            Episode_Reward/soft_landing: -0.0039
             Episode_Reward/stand_still: 0.0000
        Episode_Metrics/mean_action_acc: 2.1273
             Metrics/twist/error_vel_xy: 0.1147
            Metrics/twist/error_vel_yaw: 0.2176
           Episode_Termination/time_out: 0.0000
          Episode_Termination/fell_over: 0.0000
    Episode_Termination/illegal_contact: 1.0000
          Metrics/angular_momentum_mean: 0.4317
             Metrics/slip_velocity_mean: 0.2501
             Metrics/landing_force_mean: 59.3635
--------------------------------------------------------------------------------
                         Iteration time: 12.08s
                           Time elapsed: 00:25:05
                                    ETA: 05:05:03

################################################################################
[1m                          Learning iteration 152/2000                           [0m 

                               Run name: act-pos_pdt20ms_phyDt0p1ms_tauDec4
                            Total steps: 3672 
                       Steps per second: 2 
                        Collection time: 10.551s 
                          Learning time: 0.187s 
                        Mean value loss: 0.0186
                    Mean surrogate loss: -0.1055
                      Mean entropy loss: 17.0600
                            Mean reward: -4.79
                    Mean episode length: 85.85
                        Mean action std: 1.00
   Episode_Reward/track_linear_velocity: 0.0238
  Episode_Reward/track_angular_velocity: 0.0205
     Episode_Reward/body_orientation_l2: -0.0057
                    Episode_Reward/pose: 0.0413
            Episode_Reward/body_ang_vel: -0.0135
        Episode_Reward/angular_momentum: -0.0008
           Episode_Reward/is_terminated: -0.2000
            Episode_Reward/joint_acc_l2: -0.0053
        Episode_Reward/joint_pos_limits: 0.0000
          Episode_Reward/action_rate_l2: -0.1295
               Episode_Reward/foot_gait: 0.0235
          Episode_Reward/foot_clearance: -0.0140
               Episode_Reward/foot_slip: -0.0069
            Episode_Reward/soft_landing: -0.0039
             Episode_Reward/stand_still: 0.0000
        Episode_Metrics/mean_action_acc: 2.1273
             Metrics/twist/error_vel_xy: 0.1147
            Metrics/twist/error_vel_yaw: 0.2176
           Episode_Termination/time_out: 0.0000
          Episode_Termination/fell_over: 0.0000
    Episode_Termination/illegal_contact: 1.0000
          Metrics/angular_momentum_mean: 0.9898
             Metrics/slip_velocity_mean: 0.2169
             Metrics/landing_force_mean: 0.0000
--------------------------------------------------------------------------------
                         Iteration time: 10.74s
                           Time elapsed: 00:25:16
                                    ETA: 05:05:03

################################################################################
[1m                          Learning iteration 153/2000                           [0m 

                               Run name: act-pos_pdt20ms_phyDt0p1ms_tauDec4
                            Total steps: 3696 
                       Steps per second: 1 
                        Collection time: 13.041s 
                          Learning time: 0.141s 
                        Mean value loss: 0.0086
                    Mean surrogate loss: -0.0886
                      Mean entropy loss: 17.0607
                            Mean reward: -4.79
                    Mean episode length: 85.85
                        Mean action std: 1.00
   Episode_Reward/track_linear_velocity: 0.0238
  Episode_Reward/track_angular_velocity: 0.0205
     Episode_Reward/body_orientation_l2: -0.0057
                    Episode_Reward/pose: 0.0413
            Episode_Reward/body_ang_vel: -0.0135
        Episode_Reward/angular_momentum: -0.0008
           Episode_Reward/is_terminated: -0.2000
            Episode_Reward/joint_acc_l2: -0.0053
        Episode_Reward/joint_pos_limits: 0.0000
          Episode_Reward/action_rate_l2: -0.1295
               Episode_Reward/foot_gait: 0.0235
          Episode_Reward/foot_clearance: -0.0140
               Episode_Reward/foot_slip: -0.0069
            Episode_Reward/soft_landing: -0.0039
             Episode_Reward/stand_still: 0.0000
        Episode_Metrics/mean_action_acc: 2.1273
             Metrics/twist/error_vel_xy: 0.1147
            Metrics/twist/error_vel_yaw: 0.2176
           Episode_Termination/time_out: 0.0000
          Episode_Termination/fell_over: 0.0000
    Episode_Termination/illegal_contact: 1.0000
          Metrics/angular_momentum_mean: 0.4232
             Metrics/slip_velocity_mean: 0.2100
             Metrics/landing_force_mean: 0.0000
--------------------------------------------------------------------------------
                         Iteration time: 13.18s
                           Time elapsed: 00:25:29
                                    ETA: 05:05:32

################################################################################
[1m                          Learning iteration 154/2000                           [0m 

                               Run name: act-pos_pdt20ms_phyDt0p1ms_tauDec4
                            Total steps: 3720 
                       Steps per second: 2 
                        Collection time: 11.516s 
                          Learning time: 0.120s 
                        Mean value loss: 0.0108
                    Mean surrogate loss: -0.0977
                      Mean entropy loss: 17.0624
                            Mean reward: -4.79
                    Mean episode length: 85.85
                        Mean action std: 1.00
   Episode_Reward/track_linear_velocity: 0.0238
  Episode_Reward/track_angular_velocity: 0.0205
     Episode_Reward/body_orientation_l2: -0.0057
                    Episode_Reward/pose: 0.0413
            Episode_Reward/body_ang_vel: -0.0135
        Episode_Reward/angular_momentum: -0.0008
           Episode_Reward/is_terminated: -0.2000
            Episode_Reward/joint_acc_l2: -0.0053
        Episode_Reward/joint_pos_limits: 0.0000
          Episode_Reward/action_rate_l2: -0.1295
               Episode_Reward/foot_gait: 0.0235
          Episode_Reward/foot_clearance: -0.0140
               Episode_Reward/foot_slip: -0.0069
            Episode_Reward/soft_landing: -0.0039
             Episode_Reward/stand_still: 0.0000
        Episode_Metrics/mean_action_acc: 2.1273
             Metrics/twist/error_vel_xy: 0.1147
            Metrics/twist/error_vel_yaw: 0.2176
           Episode_Termination/time_out: 0.0000
          Episode_Termination/fell_over: 0.0000
    Episode_Termination/illegal_contact: 1.0000
          Metrics/angular_momentum_mean: 1.0586
             Metrics/slip_velocity_mean: 0.1483
             Metrics/landing_force_mean: 110.7439
--------------------------------------------------------------------------------
                         Iteration time: 11.64s
                           Time elapsed: 00:25:41
                                    ETA: 05:05:43

################################################################################
[1m                          Learning iteration 155/2000                           [0m 

                               Run name: act-pos_pdt20ms_phyDt0p1ms_tauDec4
                            Total steps: 3744 
                       Steps per second: 2 
                        Collection time: 10.505s 
                          Learning time: 0.113s 
                        Mean value loss: 0.0100
                    Mean surrogate loss: -0.0933
                      Mean entropy loss: 17.0611
                            Mean reward: -4.79
                    Mean episode length: 85.85
                        Mean action std: 1.00
   Episode_Reward/track_linear_velocity: 0.0238
  Episode_Reward/track_angular_velocity: 0.0205
     Episode_Reward/body_orientation_l2: -0.0057
                    Episode_Reward/pose: 0.0413
            Episode_Reward/body_ang_vel: -0.0135
        Episode_Reward/angular_momentum: -0.0008
           Episode_Reward/is_terminated: -0.2000
            Episode_Reward/joint_acc_l2: -0.0053
        Episode_Reward/joint_pos_limits: 0.0000
          Episode_Reward/action_rate_l2: -0.1295
               Episode_Reward/foot_gait: 0.0235
          Episode_Reward/foot_clearance: -0.0140
               Episode_Reward/foot_slip: -0.0069
            Episode_Reward/soft_landing: -0.0039
             Episode_Reward/stand_still: 0.0000
        Episode_Metrics/mean_action_acc: 2.1273
             Metrics/twist/error_vel_xy: 0.1147
            Metrics/twist/error_vel_yaw: 0.2176
           Episode_Termination/time_out: 0.0000
          Episode_Termination/fell_over: 0.0000
    Episode_Termination/illegal_contact: 1.0000
          Metrics/angular_momentum_mean: 0.4470
             Metrics/slip_velocity_mean: 0.6465
             Metrics/landing_force_mean: 93.3035
--------------------------------------------------------------------------------
                         Iteration time: 10.62s
                           Time elapsed: 00:25:51
                                    ETA: 05:05:41

################################################################################
[1m                          Learning iteration 156/2000                           [0m 

                               Run name: act-pos_pdt20ms_phyDt0p1ms_tauDec4
                            Total steps: 3768 
                       Steps per second: 2 
                        Collection time: 8.447s 
                          Learning time: 0.093s 
                        Mean value loss: 0.0204
                    Mean surrogate loss: -0.0776
                      Mean entropy loss: 17.0600
                            Mean reward: -4.79
                    Mean episode length: 85.85
                        Mean action std: 1.00
   Episode_Reward/track_linear_velocity: 0.0238
  Episode_Reward/track_angular_velocity: 0.0205
     Episode_Reward/body_orientation_l2: -0.0057
                    Episode_Reward/pose: 0.0413
            Episode_Reward/body_ang_vel: -0.0135
        Episode_Reward/angular_momentum: -0.0008
           Episode_Reward/is_terminated: -0.2000
            Episode_Reward/joint_acc_l2: -0.0053
        Episode_Reward/joint_pos_limits: 0.0000
          Episode_Reward/action_rate_l2: -0.1295
               Episode_Reward/foot_gait: 0.0235
          Episode_Reward/foot_clearance: -0.0140
               Episode_Reward/foot_slip: -0.0069
            Episode_Reward/soft_landing: -0.0039
             Episode_Reward/stand_still: 0.0000
        Episode_Metrics/mean_action_acc: 2.1273
             Metrics/twist/error_vel_xy: 0.1147
            Metrics/twist/error_vel_yaw: 0.2176
           Episode_Termination/time_out: 0.0000
          Episode_Termination/fell_over: 0.0000
    Episode_Termination/illegal_contact: 1.0000
          Metrics/angular_momentum_mean: 0.1914
             Metrics/slip_velocity_mean: 0.0463
             Metrics/landing_force_mean: 0.0000
--------------------------------------------------------------------------------
                         Iteration time: 8.54s
                           Time elapsed: 00:26:00
                                    ETA: 05:05:14

################################################################################
[1m                          Learning iteration 157/2000                           [0m 

                               Run name: act-pos_pdt20ms_phyDt0p1ms_tauDec4
                            Total steps: 3792 
                       Steps per second: 2 
                        Collection time: 8.953s 
                          Learning time: 0.121s 
                        Mean value loss: 0.0083
                    Mean surrogate loss: -0.0948
                      Mean entropy loss: 17.0594
                            Mean reward: -4.79
                    Mean episode length: 85.85
                        Mean action std: 1.00
   Episode_Reward/track_linear_velocity: 0.0238
  Episode_Reward/track_angular_velocity: 0.0205
     Episode_Reward/body_orientation_l2: -0.0057
                    Episode_Reward/pose: 0.0413
            Episode_Reward/body_ang_vel: -0.0135
        Episode_Reward/angular_momentum: -0.0008
           Episode_Reward/is_terminated: -0.2000
            Episode_Reward/joint_acc_l2: -0.0053
        Episode_Reward/joint_pos_limits: 0.0000
          Episode_Reward/action_rate_l2: -0.1295
               Episode_Reward/foot_gait: 0.0235
          Episode_Reward/foot_clearance: -0.0140
               Episode_Reward/foot_slip: -0.0069
            Episode_Reward/soft_landing: -0.0039
             Episode_Reward/stand_still: 0.0000
        Episode_Metrics/mean_action_acc: 2.1273
             Metrics/twist/error_vel_xy: 0.1147
            Metrics/twist/error_vel_yaw: 0.2176
           Episode_Termination/time_out: 0.0000
          Episode_Termination/fell_over: 0.0000
    Episode_Termination/illegal_contact: 1.0000
          Metrics/angular_momentum_mean: 0.4574
             Metrics/slip_velocity_mean: 0.2935
             Metrics/landing_force_mean: 0.0000
--------------------------------------------------------------------------------
                         Iteration time: 9.07s
                           Time elapsed: 00:26:09
                                    ETA: 05:04:54

################################################################################
[1m                          Learning iteration 158/2000                           [0m 

                               Run name: act-pos_pdt20ms_phyDt0p1ms_tauDec4
                            Total steps: 3816 
                       Steps per second: 2 
                        Collection time: 8.944s 
                          Learning time: 0.107s 
                        Mean value loss: 0.0075
                    Mean surrogate loss: -0.1057
                      Mean entropy loss: 17.0595
                            Mean reward: -4.79
                    Mean episode length: 85.85
                        Mean action std: 1.00
   Episode_Reward/track_linear_velocity: 0.0238
  Episode_Reward/track_angular_velocity: 0.0205
     Episode_Reward/body_orientation_l2: -0.0057
                    Episode_Reward/pose: 0.0413
            Episode_Reward/body_ang_vel: -0.0135
        Episode_Reward/angular_momentum: -0.0008
           Episode_Reward/is_terminated: -0.2000
            Episode_Reward/joint_acc_l2: -0.0053
        Episode_Reward/joint_pos_limits: 0.0000
          Episode_Reward/action_rate_l2: -0.1295
               Episode_Reward/foot_gait: 0.0235
          Episode_Reward/foot_clearance: -0.0140
               Episode_Reward/foot_slip: -0.0069
            Episode_Reward/soft_landing: -0.0039
             Episode_Reward/stand_still: 0.0000
        Episode_Metrics/mean_action_acc: 2.1273
             Metrics/twist/error_vel_xy: 0.1147
            Metrics/twist/error_vel_yaw: 0.2176
           Episode_Termination/time_out: 0.0000
          Episode_Termination/fell_over: 0.0000
    Episode_Termination/illegal_contact: 1.0000
          Metrics/angular_momentum_mean: 0.2911
             Metrics/slip_velocity_mean: 0.0883
             Metrics/landing_force_mean: 0.0000
--------------------------------------------------------------------------------
                         Iteration time: 9.05s
                           Time elapsed: 00:26:18
                                    ETA: 05:04:34

################################################################################
[1m                          Learning iteration 159/2000                           [0m 

                               Run name: act-pos_pdt20ms_phyDt0p1ms_tauDec4
                            Total steps: 3840 
                       Steps per second: 2 
                        Collection time: 9.441s 
                          Learning time: 0.208s 
                        Mean value loss: 0.0222
                    Mean surrogate loss: -0.0916
                      Mean entropy loss: 17.0594
                            Mean reward: -4.79
                    Mean episode length: 85.85
                        Mean action std: 1.00
   Episode_Reward/track_linear_velocity: 0.0238
  Episode_Reward/track_angular_velocity: 0.0205
     Episode_Reward/body_orientation_l2: -0.0057
                    Episode_Reward/pose: 0.0413
            Episode_Reward/body_ang_vel: -0.0135
        Episode_Reward/angular_momentum: -0.0008
           Episode_Reward/is_terminated: -0.2000
            Episode_Reward/joint_acc_l2: -0.0053
        Episode_Reward/joint_pos_limits: 0.0000
          Episode_Reward/action_rate_l2: -0.1295
               Episode_Reward/foot_gait: 0.0235
          Episode_Reward/foot_clearance: -0.0140
               Episode_Reward/foot_slip: -0.0069
            Episode_Reward/soft_landing: -0.0039
             Episode_Reward/stand_still: 0.0000
        Episode_Metrics/mean_action_acc: 2.1273
             Metrics/twist/error_vel_xy: 0.1147
            Metrics/twist/error_vel_yaw: 0.2176
           Episode_Termination/time_out: 0.0000
          Episode_Termination/fell_over: 0.0000
    Episode_Termination/illegal_contact: 1.0000
          Metrics/angular_momentum_mean: 0.7408
             Metrics/slip_velocity_mean: 0.3395
             Metrics/landing_force_mean: 0.0000
--------------------------------------------------------------------------------
                         Iteration time: 9.65s
                           Time elapsed: 00:26:27
                                    ETA: 05:04:21

################################################################################
[1m                          Learning iteration 160/2000                           [0m 

                               Run name: act-pos_pdt20ms_phyDt0p1ms_tauDec4
                            Total steps: 3864 
                       Steps per second: 2 
                        Collection time: 8.912s 
                          Learning time: 0.138s 
                        Mean value loss: 0.0498
                    Mean surrogate loss: -0.0916
                      Mean entropy loss: 17.0582
                            Mean reward: -4.79
                    Mean episode length: 85.85
                        Mean action std: 1.00
   Episode_Reward/track_linear_velocity: 0.0238
  Episode_Reward/track_angular_velocity: 0.0205
     Episode_Reward/body_orientation_l2: -0.0057
                    Episode_Reward/pose: 0.0413
            Episode_Reward/body_ang_vel: -0.0135
        Episode_Reward/angular_momentum: -0.0008
           Episode_Reward/is_terminated: -0.2000
            Episode_Reward/joint_acc_l2: -0.0053
        Episode_Reward/joint_pos_limits: 0.0000
          Episode_Reward/action_rate_l2: -0.1295
               Episode_Reward/foot_gait: 0.0235
          Episode_Reward/foot_clearance: -0.0140
               Episode_Reward/foot_slip: -0.0069
            Episode_Reward/soft_landing: -0.0039
             Episode_Reward/stand_still: 0.0000
        Episode_Metrics/mean_action_acc: 2.1273
             Metrics/twist/error_vel_xy: 0.1147
            Metrics/twist/error_vel_yaw: 0.2176
           Episode_Termination/time_out: 0.0000
          Episode_Termination/fell_over: 0.0000
    Episode_Termination/illegal_contact: 1.0000
          Metrics/angular_momentum_mean: 0.3505
             Metrics/slip_velocity_mean: 0.1902
             Metrics/landing_force_mean: 0.0000
--------------------------------------------------------------------------------
                         Iteration time: 9.05s
                           Time elapsed: 00:26:37
                                    ETA: 05:04:01

################################################################################
[1m                          Learning iteration 161/2000                           [0m 

                               Run name: act-pos_pdt20ms_phyDt0p1ms_tauDec4
                            Total steps: 3888 
                       Steps per second: 2 
                        Collection time: 8.518s 
                          Learning time: 0.123s 
                        Mean value loss: 0.0087
                    Mean surrogate loss: -0.0983
                      Mean entropy loss: 17.0554
                            Mean reward: -4.79
                    Mean episode length: 85.85
                        Mean action std: 1.00
   Episode_Reward/track_linear_velocity: 0.0238
  Episode_Reward/track_angular_velocity: 0.0205
     Episode_Reward/body_orientation_l2: -0.0057
                    Episode_Reward/pose: 0.0413
            Episode_Reward/body_ang_vel: -0.0135
        Episode_Reward/angular_momentum: -0.0008
           Episode_Reward/is_terminated: -0.2000
            Episode_Reward/joint_acc_l2: -0.0053
        Episode_Reward/joint_pos_limits: 0.0000
          Episode_Reward/action_rate_l2: -0.1295
               Episode_Reward/foot_gait: 0.0235
          Episode_Reward/foot_clearance: -0.0140
               Episode_Reward/foot_slip: -0.0069
            Episode_Reward/soft_landing: -0.0039
             Episode_Reward/stand_still: 0.0000
        Episode_Metrics/mean_action_acc: 2.1273
             Metrics/twist/error_vel_xy: 0.1147
            Metrics/twist/error_vel_yaw: 0.2176
           Episode_Termination/time_out: 0.0000
          Episode_Termination/fell_over: 0.0000
    Episode_Termination/illegal_contact: 1.0000
          Metrics/angular_momentum_mean: 0.7055
             Metrics/slip_velocity_mean: 0.0683
             Metrics/landing_force_mean: 0.0000
--------------------------------------------------------------------------------
                         Iteration time: 8.64s
                           Time elapsed: 00:26:45
                                    ETA: 05:03:37

################################################################################
[1m                          Learning iteration 162/2000                           [0m 

                               Run name: act-pos_pdt20ms_phyDt0p1ms_tauDec4
                            Total steps: 3912 
                       Steps per second: 2 
                        Collection time: 8.381s 
                          Learning time: 0.158s 
                        Mean value loss: 0.0287
                    Mean surrogate loss: -0.1022
                      Mean entropy loss: 17.0519
                            Mean reward: -4.79
                    Mean episode length: 85.85
                        Mean action std: 1.00
   Episode_Reward/track_linear_velocity: 0.0238
  Episode_Reward/track_angular_velocity: 0.0205
     Episode_Reward/body_orientation_l2: -0.0057
                    Episode_Reward/pose: 0.0413
            Episode_Reward/body_ang_vel: -0.0135
        Episode_Reward/angular_momentum: -0.0008
           Episode_Reward/is_terminated: -0.2000
            Episode_Reward/joint_acc_l2: -0.0053
        Episode_Reward/joint_pos_limits: 0.0000
          Episode_Reward/action_rate_l2: -0.1295
               Episode_Reward/foot_gait: 0.0235
          Episode_Reward/foot_clearance: -0.0140
               Episode_Reward/foot_slip: -0.0069
            Episode_Reward/soft_landing: -0.0039
             Episode_Reward/stand_still: 0.0000
        Episode_Metrics/mean_action_acc: 2.1273
             Metrics/twist/error_vel_xy: 0.1147
            Metrics/twist/error_vel_yaw: 0.2176
           Episode_Termination/time_out: 0.0000
          Episode_Termination/fell_over: 0.0000
    Episode_Termination/illegal_contact: 1.0000
          Metrics/angular_momentum_mean: 0.3680
             Metrics/slip_velocity_mean: 0.1027
             Metrics/landing_force_mean: 0.0000
--------------------------------------------------------------------------------
                         Iteration time: 8.54s
                           Time elapsed: 00:26:54
                                    ETA: 05:03:11

################################################################################
[1m                          Learning iteration 163/2000                           [0m 

                               Run name: act-pos_pdt20ms_phyDt0p1ms_tauDec4
                            Total steps: 3936 
                       Steps per second: 2 
                        Collection time: 8.510s 
                          Learning time: 0.172s 
                        Mean value loss: 0.0096
                    Mean surrogate loss: -0.1096
                      Mean entropy loss: 17.0511
                            Mean reward: -4.79
                    Mean episode length: 85.85
                        Mean action std: 1.00
   Episode_Reward/track_linear_velocity: 0.0238
  Episode_Reward/track_angular_velocity: 0.0205
     Episode_Reward/body_orientation_l2: -0.0057
                    Episode_Reward/pose: 0.0413
            Episode_Reward/body_ang_vel: -0.0135
        Episode_Reward/angular_momentum: -0.0008
           Episode_Reward/is_terminated: -0.2000
            Episode_Reward/joint_acc_l2: -0.0053
        Episode_Reward/joint_pos_limits: 0.0000
          Episode_Reward/action_rate_l2: -0.1295
               Episode_Reward/foot_gait: 0.0235
          Episode_Reward/foot_clearance: -0.0140
               Episode_Reward/foot_slip: -0.0069
            Episode_Reward/soft_landing: -0.0039
             Episode_Reward/stand_still: 0.0000
        Episode_Metrics/mean_action_acc: 2.1273
             Metrics/twist/error_vel_xy: 0.1147
            Metrics/twist/error_vel_yaw: 0.2176
           Episode_Termination/time_out: 0.0000
          Episode_Termination/fell_over: 0.0000
    Episode_Termination/illegal_contact: 1.0000
          Metrics/angular_momentum_mean: 0.6516
             Metrics/slip_velocity_mean: 0.2328
             Metrics/landing_force_mean: 0.0000
--------------------------------------------------------------------------------
                         Iteration time: 8.68s
                           Time elapsed: 00:27:02
                                    ETA: 05:02:48

################################################################################
[1m                          Learning iteration 164/2000                           [0m 

                               Run name: act-pos_pdt20ms_phyDt0p1ms_tauDec4
                            Total steps: 3960 
                       Steps per second: 2 
                        Collection time: 8.643s 
                          Learning time: 0.202s 
                        Mean value loss: 0.0050
                    Mean surrogate loss: -0.0947
                      Mean entropy loss: 17.0506
                            Mean reward: -4.79
                    Mean episode length: 85.85
                        Mean action std: 1.00
   Episode_Reward/track_linear_velocity: 0.0238
  Episode_Reward/track_angular_velocity: 0.0205
     Episode_Reward/body_orientation_l2: -0.0057
                    Episode_Reward/pose: 0.0413
            Episode_Reward/body_ang_vel: -0.0135
        Episode_Reward/angular_momentum: -0.0008
           Episode_Reward/is_terminated: -0.2000
            Episode_Reward/joint_acc_l2: -0.0053
        Episode_Reward/joint_pos_limits: 0.0000
          Episode_Reward/action_rate_l2: -0.1295
               Episode_Reward/foot_gait: 0.0235
          Episode_Reward/foot_clearance: -0.0140
               Episode_Reward/foot_slip: -0.0069
            Episode_Reward/soft_landing: -0.0039
             Episode_Reward/stand_still: 0.0000
        Episode_Metrics/mean_action_acc: 2.1273
             Metrics/twist/error_vel_xy: 0.1147
            Metrics/twist/error_vel_yaw: 0.2176
           Episode_Termination/time_out: 0.0000
          Episode_Termination/fell_over: 0.0000
    Episode_Termination/illegal_contact: 1.0000
          Metrics/angular_momentum_mean: 0.1282
             Metrics/slip_velocity_mean: 0.3683
             Metrics/landing_force_mean: 0.0000
--------------------------------------------------------------------------------
                         Iteration time: 8.84s
                           Time elapsed: 00:27:11
                                    ETA: 05:02:26

################################################################################
[1m                          Learning iteration 165/2000                           [0m 

                               Run name: act-pos_pdt20ms_phyDt0p1ms_tauDec4
                            Total steps: 3984 
                       Steps per second: 1 
                        Collection time: 13.672s 
                          Learning time: 0.196s 
                        Mean value loss: 0.8849
                    Mean surrogate loss: -0.1090
                      Mean entropy loss: 17.0504
                            Mean reward: -4.92
                    Mean episode length: 94.43
                        Mean action std: 1.00
   Episode_Reward/track_linear_velocity: 0.0678
  Episode_Reward/track_angular_velocity: 0.1077
     Episode_Reward/body_orientation_l2: -0.0084
                    Episode_Reward/pose: 0.2196
            Episode_Reward/body_ang_vel: -0.0683
        Episode_Reward/angular_momentum: -0.0024
           Episode_Reward/is_terminated: -0.2000
            Episode_Reward/joint_acc_l2: -0.0222
        Episode_Reward/joint_pos_limits: 0.0000
          Episode_Reward/action_rate_l2: -0.5552
               Episode_Reward/foot_gait: 0.0942
          Episode_Reward/foot_clearance: -0.0540
               Episode_Reward/foot_slip: -0.0341
            Episode_Reward/soft_landing: -0.0158
             Episode_Reward/stand_still: 0.0000
        Episode_Metrics/mean_action_acc: 2.1667
             Metrics/twist/error_vel_xy: 0.5865
            Metrics/twist/error_vel_yaw: 0.7701
           Episode_Termination/time_out: 0.0000
          Episode_Termination/fell_over: 0.0000
    Episode_Termination/illegal_contact: 1.0000
          Metrics/angular_momentum_mean: 0.3343
             Metrics/slip_velocity_mean: 0.2445
             Metrics/landing_force_mean: 27.9285
--------------------------------------------------------------------------------
                         Iteration time: 13.87s
                           Time elapsed: 00:27:25
                                    ETA: 05:03:00

################################################################################
[1m                          Learning iteration 166/2000                           [0m 

                               Run name: act-pos_pdt20ms_phyDt0p1ms_tauDec4
                            Total steps: 4008 
                       Steps per second: 1 
                        Collection time: 13.510s 
                          Learning time: 0.162s 
                        Mean value loss: 0.0480
                    Mean surrogate loss: -0.1093
                      Mean entropy loss: 17.0498
                            Mean reward: -4.92
                    Mean episode length: 94.43
                        Mean action std: 1.00
   Episode_Reward/track_linear_velocity: 0.0794
  Episode_Reward/track_angular_velocity: 0.1306
     Episode_Reward/body_orientation_l2: -0.0091
                    Episode_Reward/pose: 0.2666
            Episode_Reward/body_ang_vel: -0.0827
        Episode_Reward/angular_momentum: -0.0029
           Episode_Reward/is_terminated: -0.2000
            Episode_Reward/joint_acc_l2: -0.0267
        Episode_Reward/joint_pos_limits: 0.0000
          Episode_Reward/action_rate_l2: -0.6672
               Episode_Reward/foot_gait: 0.1128
          Episode_Reward/foot_clearance: -0.0645
               Episode_Reward/foot_slip: -0.0413
            Episode_Reward/soft_landing: -0.0190
             Episode_Reward/stand_still: 0.0000
        Episode_Metrics/mean_action_acc: 2.1771
             Metrics/twist/error_vel_xy: 0.7107
            Metrics/twist/error_vel_yaw: 0.9155
           Episode_Termination/time_out: 0.0000
          Episode_Termination/fell_over: 0.0000
    Episode_Termination/illegal_contact: 1.0000
          Metrics/angular_momentum_mean: 0.4180
             Metrics/slip_velocity_mean: 0.2660
             Metrics/landing_force_mean: 73.4281
--------------------------------------------------------------------------------
                         Iteration time: 13.67s
                           Time elapsed: 00:27:39
                                    ETA: 05:03:32

################################################################################
[1m                          Learning iteration 167/2000                           [0m 

                               Run name: act-pos_pdt20ms_phyDt0p1ms_tauDec4
                            Total steps: 4032 
                       Steps per second: 1 
                        Collection time: 13.253s 
                          Learning time: 0.147s 
                        Mean value loss: 0.7102
                    Mean surrogate loss: -0.1079
                      Mean entropy loss: 17.0500
                            Mean reward: -4.92
                    Mean episode length: 93.53
                        Mean action std: 1.00
   Episode_Reward/track_linear_velocity: 0.0586
  Episode_Reward/track_angular_velocity: 0.0826
     Episode_Reward/body_orientation_l2: -0.0054
                    Episode_Reward/pose: 0.1472
            Episode_Reward/body_ang_vel: -0.0486
        Episode_Reward/angular_momentum: -0.0017
           Episode_Reward/is_terminated: -0.2000
            Episode_Reward/joint_acc_l2: -0.0159
        Episode_Reward/joint_pos_limits: 0.0000
          Episode_Reward/action_rate_l2: -0.4010
               Episode_Reward/foot_gait: 0.0611
          Episode_Reward/foot_clearance: -0.0350
               Episode_Reward/foot_slip: -0.0224
            Episode_Reward/soft_landing: -0.0103
             Episode_Reward/stand_still: -0.0079
        Episode_Metrics/mean_action_acc: 2.1712
             Metrics/twist/error_vel_xy: 0.3988
            Metrics/twist/error_vel_yaw: 0.5286
           Episode_Termination/time_out: 0.0000
          Episode_Termination/fell_over: 0.0000
    Episode_Termination/illegal_contact: 1.0000
          Metrics/angular_momentum_mean: 0.5974
             Metrics/slip_velocity_mean: 0.1000
             Metrics/landing_force_mean: 82.4394
--------------------------------------------------------------------------------
                         Iteration time: 13.40s
                           Time elapsed: 00:27:52
                                    ETA: 05:03:59

################################################################################
[1m                          Learning iteration 168/2000                           [0m 

                               Run name: act-pos_pdt20ms_phyDt0p1ms_tauDec4
                            Total steps: 4056 
                       Steps per second: 3 
                        Collection time: 7.489s 
                          Learning time: 0.113s 
                        Mean value loss: 0.0569
                    Mean surrogate loss: -0.1039
                      Mean entropy loss: 17.0505
                            Mean reward: -4.92
                    Mean episode length: 93.53
                        Mean action std: 1.00
   Episode_Reward/track_linear_velocity: 0.0341
  Episode_Reward/track_angular_velocity: 0.0258
     Episode_Reward/body_orientation_l2: -0.0011
                    Episode_Reward/pose: 0.0061
            Episode_Reward/body_ang_vel: -0.0082
        Episode_Reward/angular_momentum: -0.0003
           Episode_Reward/is_terminated: -0.2000
            Episode_Reward/joint_acc_l2: -0.0032
        Episode_Reward/joint_pos_limits: 0.0000
          Episode_Reward/action_rate_l2: -0.0864
               Episode_Reward/foot_gait: 0.0000
          Episode_Reward/foot_clearance: 0.0000
               Episode_Reward/foot_slip: 0.0000
            Episode_Reward/soft_landing: 0.0000
             Episode_Reward/stand_still: -0.0172
        Episode_Metrics/mean_action_acc: 2.1643
             Metrics/twist/error_vel_xy: 0.0303
            Metrics/twist/error_vel_yaw: 0.0713
           Episode_Termination/time_out: 0.0000
          Episode_Termination/fell_over: 0.0000
    Episode_Termination/illegal_contact: 1.0000
          Metrics/angular_momentum_mean: 0.6592
             Metrics/slip_velocity_mean: 0.0303
             Metrics/landing_force_mean: 0.0000
--------------------------------------------------------------------------------
                         Iteration time: 7.60s
                           Time elapsed: 00:28:00
                                    ETA: 05:03:24

################################################################################
[1m                          Learning iteration 169/2000                           [0m 

                               Run name: act-pos_pdt20ms_phyDt0p1ms_tauDec4
                            Total steps: 4080 
                       Steps per second: 2 
                        Collection time: 7.927s 
                          Learning time: 0.086s 
                        Mean value loss: 0.0107
                    Mean surrogate loss: -0.1124
                      Mean entropy loss: 17.0521
                            Mean reward: -4.92
                    Mean episode length: 93.53
                        Mean action std: 1.00
   Episode_Reward/track_linear_velocity: 0.0341
  Episode_Reward/track_angular_velocity: 0.0258
     Episode_Reward/body_orientation_l2: -0.0011
                    Episode_Reward/pose: 0.0061
            Episode_Reward/body_ang_vel: -0.0082
        Episode_Reward/angular_momentum: -0.0003
           Episode_Reward/is_terminated: -0.2000
            Episode_Reward/joint_acc_l2: -0.0032
        Episode_Reward/joint_pos_limits: 0.0000
          Episode_Reward/action_rate_l2: -0.0864
               Episode_Reward/foot_gait: 0.0000
          Episode_Reward/foot_clearance: 0.0000
               Episode_Reward/foot_slip: 0.0000
            Episode_Reward/soft_landing: 0.0000
             Episode_Reward/stand_still: -0.0172
        Episode_Metrics/mean_action_acc: 2.1643
             Metrics/twist/error_vel_xy: 0.0303
            Metrics/twist/error_vel_yaw: 0.0713
           Episode_Termination/time_out: 0.0000
          Episode_Termination/fell_over: 0.0000
    Episode_Termination/illegal_contact: 1.0000
          Metrics/angular_momentum_mean: 0.3128
             Metrics/slip_velocity_mean: 0.2518
             Metrics/landing_force_mean: 22.1062
--------------------------------------------------------------------------------
                         Iteration time: 8.01s
                           Time elapsed: 00:28:08
                                    ETA: 05:02:53

################################################################################
[1m                          Learning iteration 170/2000                           [0m 

                               Run name: act-pos_pdt20ms_phyDt0p1ms_tauDec4
                            Total steps: 4104 
                       Steps per second: 2 
                        Collection time: 8.060s 
                          Learning time: 0.106s 
                        Mean value loss: 0.0498
                    Mean surrogate loss: -0.0903
                      Mean entropy loss: 17.0522
                            Mean reward: -4.92
                    Mean episode length: 93.53
                        Mean action std: 1.00
   Episode_Reward/track_linear_velocity: 0.0341
  Episode_Reward/track_angular_velocity: 0.0258
     Episode_Reward/body_orientation_l2: -0.0011
                    Episode_Reward/pose: 0.0061
            Episode_Reward/body_ang_vel: -0.0082
        Episode_Reward/angular_momentum: -0.0003
           Episode_Reward/is_terminated: -0.2000
            Episode_Reward/joint_acc_l2: -0.0032
        Episode_Reward/joint_pos_limits: 0.0000
          Episode_Reward/action_rate_l2: -0.0864
               Episode_Reward/foot_gait: 0.0000
          Episode_Reward/foot_clearance: 0.0000
               Episode_Reward/foot_slip: 0.0000
            Episode_Reward/soft_landing: 0.0000
             Episode_Reward/stand_still: -0.0172
        Episode_Metrics/mean_action_acc: 2.1643
             Metrics/twist/error_vel_xy: 0.0303
            Metrics/twist/error_vel_yaw: 0.0713
           Episode_Termination/time_out: 0.0000
          Episode_Termination/fell_over: 0.0000
    Episode_Termination/illegal_contact: 1.0000
          Metrics/angular_momentum_mean: 0.0644
             Metrics/slip_velocity_mean: 0.1644
             Metrics/landing_force_mean: 0.0000
--------------------------------------------------------------------------------
                         Iteration time: 8.17s
                           Time elapsed: 00:28:16
                                    ETA: 05:02:24

################################################################################
[1m                          Learning iteration 171/2000                           [0m 

                               Run name: act-pos_pdt20ms_phyDt0p1ms_tauDec4
                            Total steps: 4128 
                       Steps per second: 3 
                        Collection time: 7.761s 
                          Learning time: 0.104s 
                        Mean value loss: 0.2518
                    Mean surrogate loss: -0.0962
                      Mean entropy loss: 17.0524
                            Mean reward: -4.94
                    Mean episode length: 93.66
                        Mean action std: 1.00
   Episode_Reward/track_linear_velocity: 0.0373
  Episode_Reward/track_angular_velocity: 0.0286
     Episode_Reward/body_orientation_l2: -0.0046
                    Episode_Reward/pose: 0.0231
            Episode_Reward/body_ang_vel: -0.0160
        Episode_Reward/angular_momentum: -0.0005
           Episode_Reward/is_terminated: -0.2000
            Episode_Reward/joint_acc_l2: -0.0047
        Episode_Reward/joint_pos_limits: 0.0000
          Episode_Reward/action_rate_l2: -0.1153
               Episode_Reward/foot_gait: 0.0082
          Episode_Reward/foot_clearance: -0.0049
               Episode_Reward/foot_slip: -0.0021
            Episode_Reward/soft_landing: -0.0011
             Episode_Reward/stand_still: -0.0114
        Episode_Metrics/mean_action_acc: 2.2054
             Metrics/twist/error_vel_xy: 0.0424
            Metrics/twist/error_vel_yaw: 0.1045
           Episode_Termination/time_out: 0.0000
          Episode_Termination/fell_over: 0.3333
    Episode_Termination/illegal_contact: 0.6667
          Metrics/angular_momentum_mean: 0.6550
             Metrics/slip_velocity_mean: 0.3885
             Metrics/landing_force_mean: 0.0000
--------------------------------------------------------------------------------
                         Iteration time: 7.87s
                           Time elapsed: 00:28:24
                                    ETA: 05:01:53

################################################################################
[1m                          Learning iteration 172/2000                           [0m 

                               Run name: act-pos_pdt20ms_phyDt0p1ms_tauDec4
                            Total steps: 4152 
                       Steps per second: 3 
                        Collection time: 7.620s 
                          Learning time: 0.191s 
                        Mean value loss: 0.0139
                    Mean surrogate loss: -0.0940
                      Mean entropy loss: 17.0540
                            Mean reward: -4.94
                    Mean episode length: 93.66
                        Mean action std: 1.00
   Episode_Reward/track_linear_velocity: 0.0438
  Episode_Reward/track_angular_velocity: 0.0343
     Episode_Reward/body_orientation_l2: -0.0117
                    Episode_Reward/pose: 0.0570
            Episode_Reward/body_ang_vel: -0.0317
        Episode_Reward/angular_momentum: -0.0009
           Episode_Reward/is_terminated: -0.2000
            Episode_Reward/joint_acc_l2: -0.0077
        Episode_Reward/joint_pos_limits: 0.0000
          Episode_Reward/action_rate_l2: -0.1732
               Episode_Reward/foot_gait: 0.0246
          Episode_Reward/foot_clearance: -0.0148
               Episode_Reward/foot_slip: -0.0063
            Episode_Reward/soft_landing: -0.0034
             Episode_Reward/stand_still: 0.0000
        Episode_Metrics/mean_action_acc: 2.2875
             Metrics/twist/error_vel_xy: 0.0668
            Metrics/twist/error_vel_yaw: 0.1707
           Episode_Termination/time_out: 0.0000
          Episode_Termination/fell_over: 1.0000
    Episode_Termination/illegal_contact: 0.0000
          Metrics/angular_momentum_mean: 0.2546
             Metrics/slip_velocity_mean: 0.1147
             Metrics/landing_force_mean: 0.0000
--------------------------------------------------------------------------------
                         Iteration time: 7.81s
                           Time elapsed: 00:28:32
                                    ETA: 05:01:21

################################################################################
[1m                          Learning iteration 173/2000                           [0m 

                               Run name: act-pos_pdt20ms_phyDt0p1ms_tauDec4
                            Total steps: 4176 
                       Steps per second: 3 
                        Collection time: 7.589s 
                          Learning time: 0.092s 
                        Mean value loss: 0.0658
                    Mean surrogate loss: -0.0899
                      Mean entropy loss: 17.0539
                            Mean reward: -4.94
                    Mean episode length: 93.66
                        Mean action std: 1.00
   Episode_Reward/track_linear_velocity: 0.0438
  Episode_Reward/track_angular_velocity: 0.0343
     Episode_Reward/body_orientation_l2: -0.0117
                    Episode_Reward/pose: 0.0570
            Episode_Reward/body_ang_vel: -0.0317
        Episode_Reward/angular_momentum: -0.0009
           Episode_Reward/is_terminated: -0.2000
            Episode_Reward/joint_acc_l2: -0.0077
        Episode_Reward/joint_pos_limits: 0.0000
          Episode_Reward/action_rate_l2: -0.1732
               Episode_Reward/foot_gait: 0.0246
          Episode_Reward/foot_clearance: -0.0148
               Episode_Reward/foot_slip: -0.0063
            Episode_Reward/soft_landing: -0.0034
             Episode_Reward/stand_still: 0.0000
        Episode_Metrics/mean_action_acc: 2.2875
             Metrics/twist/error_vel_xy: 0.0668
            Metrics/twist/error_vel_yaw: 0.1707
           Episode_Termination/time_out: 0.0000
          Episode_Termination/fell_over: 1.0000
    Episode_Termination/illegal_contact: 0.0000
          Metrics/angular_momentum_mean: 0.6372
             Metrics/slip_velocity_mean: 0.5333
             Metrics/landing_force_mean: 72.2682
--------------------------------------------------------------------------------
                         Iteration time: 7.68s
                           Time elapsed: 00:28:39
                                    ETA: 05:00:47

################################################################################
[1m                          Learning iteration 174/2000                           [0m 

                               Run name: act-pos_pdt20ms_phyDt0p1ms_tauDec4
                            Total steps: 4200 
                       Steps per second: 2 
                        Collection time: 8.152s 
                          Learning time: 0.111s 
                        Mean value loss: 0.0557
                    Mean surrogate loss: -0.0708
                      Mean entropy loss: 17.0544
                            Mean reward: -4.94
                    Mean episode length: 92.87
                        Mean action std: 1.00
   Episode_Reward/track_linear_velocity: 0.0069
  Episode_Reward/track_angular_velocity: 0.0220
     Episode_Reward/body_orientation_l2: -0.0017
                    Episode_Reward/pose: 0.0346
            Episode_Reward/body_ang_vel: -0.0127
        Episode_Reward/angular_momentum: -0.0004
           Episode_Reward/is_terminated: -0.2000
            Episode_Reward/joint_acc_l2: -0.0038
        Episode_Reward/joint_pos_limits: 0.0000
          Episode_Reward/action_rate_l2: -0.0842
               Episode_Reward/foot_gait: 0.0150
          Episode_Reward/foot_clearance: -0.0087
               Episode_Reward/foot_slip: -0.0085
            Episode_Reward/soft_landing: -0.0027
             Episode_Reward/stand_still: 0.0000
        Episode_Metrics/mean_action_acc: 1.9900
             Metrics/twist/error_vel_xy: 0.1135
            Metrics/twist/error_vel_yaw: 0.1002
           Episode_Termination/time_out: 0.0000
          Episode_Termination/fell_over: 0.0833
    Episode_Termination/illegal_contact: 0.9167
          Metrics/angular_momentum_mean: 0.5551
             Metrics/slip_velocity_mean: 0.4560
             Metrics/landing_force_mean: 123.9744
--------------------------------------------------------------------------------
                         Iteration time: 8.26s
                           Time elapsed: 00:28:48
                                    ETA: 05:00:21

################################################################################
[1m                          Learning iteration 175/2000                           [0m 

                               Run name: act-pos_pdt20ms_phyDt0p1ms_tauDec4
                            Total steps: 4224 
                       Steps per second: 2 
                        Collection time: 8.357s 
                          Learning time: 0.120s 
                        Mean value loss: 0.0375
                    Mean surrogate loss: -0.1001
                      Mean entropy loss: 17.0537
                            Mean reward: -4.94
                    Mean episode length: 92.87
                        Mean action std: 1.00
   Episode_Reward/track_linear_velocity: 0.0036
  Episode_Reward/track_angular_velocity: 0.0209
     Episode_Reward/body_orientation_l2: -0.0008
                    Episode_Reward/pose: 0.0326
            Episode_Reward/body_ang_vel: -0.0110
        Episode_Reward/angular_momentum: -0.0004
           Episode_Reward/is_terminated: -0.2000
            Episode_Reward/joint_acc_l2: -0.0034
        Episode_Reward/joint_pos_limits: 0.0000
          Episode_Reward/action_rate_l2: -0.0761
               Episode_Reward/foot_gait: 0.0141
          Episode_Reward/foot_clearance: -0.0081
               Episode_Reward/foot_slip: -0.0087
            Episode_Reward/soft_landing: -0.0027
             Episode_Reward/stand_still: 0.0000
        Episode_Metrics/mean_action_acc: 1.9629
             Metrics/twist/error_vel_xy: 0.1177
            Metrics/twist/error_vel_yaw: 0.0937
           Episode_Termination/time_out: 0.0000
          Episode_Termination/fell_over: 0.0000
    Episode_Termination/illegal_contact: 1.0000
          Metrics/angular_momentum_mean: 0.3802
             Metrics/slip_velocity_mean: 0.1095
             Metrics/landing_force_mean: 0.0000
--------------------------------------------------------------------------------
                         Iteration time: 8.48s
                           Time elapsed: 00:28:56
                                    ETA: 04:59:56

################################################################################
[1m                          Learning iteration 176/2000                           [0m 

                               Run name: act-pos_pdt20ms_phyDt0p1ms_tauDec4
                            Total steps: 4248 
                       Steps per second: 2 
                        Collection time: 8.751s 
                          Learning time: 0.133s 
                        Mean value loss: 0.0701
                    Mean surrogate loss: -0.1025
                      Mean entropy loss: 17.0528
                            Mean reward: -4.94
                    Mean episode length: 92.87
                        Mean action std: 1.00
   Episode_Reward/track_linear_velocity: 0.0036
  Episode_Reward/track_angular_velocity: 0.0209
     Episode_Reward/body_orientation_l2: -0.0008
                    Episode_Reward/pose: 0.0326
            Episode_Reward/body_ang_vel: -0.0110
        Episode_Reward/angular_momentum: -0.0004
           Episode_Reward/is_terminated: -0.2000
            Episode_Reward/joint_acc_l2: -0.0034
        Episode_Reward/joint_pos_limits: 0.0000
          Episode_Reward/action_rate_l2: -0.0761
               Episode_Reward/foot_gait: 0.0141
          Episode_Reward/foot_clearance: -0.0081
               Episode_Reward/foot_slip: -0.0087
            Episode_Reward/soft_landing: -0.0027
             Episode_Reward/stand_still: 0.0000
        Episode_Metrics/mean_action_acc: 1.9629
             Metrics/twist/error_vel_xy: 0.1177
            Metrics/twist/error_vel_yaw: 0.0937
           Episode_Termination/time_out: 0.0000
          Episode_Termination/fell_over: 0.0000
    Episode_Termination/illegal_contact: 1.0000
          Metrics/angular_momentum_mean: 0.5878
             Metrics/slip_velocity_mean: 0.1493
             Metrics/landing_force_mean: 6.9578
--------------------------------------------------------------------------------
                         Iteration time: 8.88s
                           Time elapsed: 00:29:05
                                    ETA: 04:59:36

################################################################################
[1m                          Learning iteration 177/2000                           [0m 

                               Run name: act-pos_pdt20ms_phyDt0p1ms_tauDec4
                            Total steps: 4272 
                       Steps per second: 2 
                        Collection time: 8.507s 
                          Learning time: 0.133s 
                        Mean value loss: 0.4111
                    Mean surrogate loss: -0.1136
                      Mean entropy loss: 17.0536
                            Mean reward: -4.94
                    Mean episode length: 92.63
                        Mean action std: 1.00
   Episode_Reward/track_linear_velocity: 0.0258
  Episode_Reward/track_angular_velocity: 0.0209
     Episode_Reward/body_orientation_l2: -0.0014
                    Episode_Reward/pose: 0.0403
            Episode_Reward/body_ang_vel: -0.0148
        Episode_Reward/angular_momentum: -0.0004
           Episode_Reward/is_terminated: -0.2000
            Episode_Reward/joint_acc_l2: -0.0048
        Episode_Reward/joint_pos_limits: 0.0000
          Episode_Reward/action_rate_l2: -0.1038
               Episode_Reward/foot_gait: 0.0177
          Episode_Reward/foot_clearance: -0.0105
               Episode_Reward/foot_slip: -0.0097
            Episode_Reward/soft_landing: -0.0031
             Episode_Reward/stand_still: 0.0000
        Episode_Metrics/mean_action_acc: 2.0993
             Metrics/twist/error_vel_xy: 0.0864
            Metrics/twist/error_vel_yaw: 0.1287
           Episode_Termination/time_out: 0.0000
          Episode_Termination/fell_over: 0.0000
    Episode_Termination/illegal_contact: 1.0000
          Metrics/angular_momentum_mean: 0.4776
             Metrics/slip_velocity_mean: 0.1824
             Metrics/landing_force_mean: 76.8096
--------------------------------------------------------------------------------
                         Iteration time: 8.64s
                           Time elapsed: 00:29:14
                                    ETA: 04:59:14

################################################################################
[1m                          Learning iteration 178/2000                           [0m 

                               Run name: act-pos_pdt20ms_phyDt0p1ms_tauDec4
                            Total steps: 4296 
                       Steps per second: 1 
                        Collection time: 12.202s 
                          Learning time: 0.141s 
                        Mean value loss: 0.1706
                    Mean surrogate loss: -0.0949
                      Mean entropy loss: 17.0542
                            Mean reward: -4.93
                    Mean episode length: 91.06
                        Mean action std: 1.00
   Episode_Reward/track_linear_velocity: 0.0141
  Episode_Reward/track_angular_velocity: 0.0082
     Episode_Reward/body_orientation_l2: -0.0008
                    Episode_Reward/pose: 0.0242
            Episode_Reward/body_ang_vel: -0.0084
        Episode_Reward/angular_momentum: -0.0002
           Episode_Reward/is_terminated: -0.2000
            Episode_Reward/joint_acc_l2: -0.0030
        Episode_Reward/joint_pos_limits: 0.0000
          Episode_Reward/action_rate_l2: -0.0651
               Episode_Reward/foot_gait: 0.0086
          Episode_Reward/foot_clearance: -0.0060
               Episode_Reward/foot_slip: -0.0049
            Episode_Reward/soft_landing: -0.0019
             Episode_Reward/stand_still: 0.0000
        Episode_Metrics/mean_action_acc: 2.3896
             Metrics/twist/error_vel_xy: 0.0533
            Metrics/twist/error_vel_yaw: 0.0806
           Episode_Termination/time_out: 0.0000
          Episode_Termination/fell_over: 0.0000
    Episode_Termination/illegal_contact: 1.0000
          Metrics/angular_momentum_mean: 0.3661
             Metrics/slip_velocity_mean: 0.3599
             Metrics/landing_force_mean: 92.7469
--------------------------------------------------------------------------------
                         Iteration time: 12.34s
                           Time elapsed: 00:29:26
                                    ETA: 04:59:29

################################################################################
[1m                          Learning iteration 179/2000                           [0m 

                               Run name: act-pos_pdt20ms_phyDt0p1ms_tauDec4
                            Total steps: 4320 
                       Steps per second: 1 
                        Collection time: 12.252s 
                          Learning time: 0.203s 
                        Mean value loss: 0.0667
                    Mean surrogate loss: -0.1023
                      Mean entropy loss: 17.0557
                            Mean reward: -4.93
                    Mean episode length: 91.06
                        Mean action std: 1.00
   Episode_Reward/track_linear_velocity: 0.0001
  Episode_Reward/track_angular_velocity: 0.0030
     Episode_Reward/body_orientation_l2: -0.0003
                    Episode_Reward/pose: 0.0144
            Episode_Reward/body_ang_vel: -0.0042
        Episode_Reward/angular_momentum: -0.0001
           Episode_Reward/is_terminated: -0.2000
            Episode_Reward/joint_acc_l2: -0.0017
        Episode_Reward/joint_pos_limits: 0.0000
          Episode_Reward/action_rate_l2: -0.0378
               Episode_Reward/foot_gait: 0.0034
          Episode_Reward/foot_clearance: -0.0031
               Episode_Reward/foot_slip: -0.0025
            Episode_Reward/soft_landing: -0.0012
             Episode_Reward/stand_still: 0.0000
        Episode_Metrics/mean_action_acc: 2.4530
             Metrics/twist/error_vel_xy: 0.0526
            Metrics/twist/error_vel_yaw: 0.0464
           Episode_Termination/time_out: 0.0000
          Episode_Termination/fell_over: 0.0000
    Episode_Termination/illegal_contact: 1.0000
          Metrics/angular_momentum_mean: 0.0255
             Metrics/slip_velocity_mean: 0.2564
             Metrics/landing_force_mean: 110.6487
--------------------------------------------------------------------------------
                         Iteration time: 12.45s
                           Time elapsed: 00:29:38
                                    ETA: 04:59:46

################################################################################
[1m                          Learning iteration 180/2000                           [0m 

                               Run name: act-pos_pdt20ms_phyDt0p1ms_tauDec4
                            Total steps: 4344 
                       Steps per second: 2 
                        Collection time: 8.975s 
                          Learning time: 0.121s 
                        Mean value loss: 0.0167
                    Mean surrogate loss: -0.1076
                      Mean entropy loss: 17.0574
                            Mean reward: -4.93
                    Mean episode length: 91.06
                        Mean action std: 1.00
   Episode_Reward/track_linear_velocity: 0.0001
  Episode_Reward/track_angular_velocity: 0.0030
     Episode_Reward/body_orientation_l2: -0.0003
                    Episode_Reward/pose: 0.0144
            Episode_Reward/body_ang_vel: -0.0042
        Episode_Reward/angular_momentum: -0.0001
           Episode_Reward/is_terminated: -0.2000
            Episode_Reward/joint_acc_l2: -0.0017
        Episode_Reward/joint_pos_limits: 0.0000
          Episode_Reward/action_rate_l2: -0.0378
               Episode_Reward/foot_gait: 0.0034
          Episode_Reward/foot_clearance: -0.0031
               Episode_Reward/foot_slip: -0.0025
            Episode_Reward/soft_landing: -0.0012
             Episode_Reward/stand_still: 0.0000
        Episode_Metrics/mean_action_acc: 2.4530
             Metrics/twist/error_vel_xy: 0.0526
            Metrics/twist/error_vel_yaw: 0.0464
           Episode_Termination/time_out: 0.0000
          Episode_Termination/fell_over: 0.0000
    Episode_Termination/illegal_contact: 1.0000
          Metrics/angular_momentum_mean: 0.5174
             Metrics/slip_velocity_mean: 0.2031
             Metrics/landing_force_mean: 0.0000
--------------------------------------------------------------------------------
                         Iteration time: 9.10s
                           Time elapsed: 00:29:47
                                    ETA: 04:59:28

################################################################################
[1m                          Learning iteration 181/2000                           [0m 

                               Run name: act-pos_pdt20ms_phyDt0p1ms_tauDec4
                            Total steps: 4368 
                       Steps per second: 2 
                        Collection time: 9.938s 
                          Learning time: 0.108s 
                        Mean value loss: 0.0984
                    Mean surrogate loss: -0.1135
                      Mean entropy loss: 17.0594
                            Mean reward: -4.93
                    Mean episode length: 91.06
                        Mean action std: 1.00
   Episode_Reward/track_linear_velocity: 0.0001
  Episode_Reward/track_angular_velocity: 0.0030
     Episode_Reward/body_orientation_l2: -0.0003
                    Episode_Reward/pose: 0.0144
            Episode_Reward/body_ang_vel: -0.0042
        Episode_Reward/angular_momentum: -0.0001
           Episode_Reward/is_terminated: -0.2000
            Episode_Reward/joint_acc_l2: -0.0017
        Episode_Reward/joint_pos_limits: 0.0000
          Episode_Reward/action_rate_l2: -0.0378
               Episode_Reward/foot_gait: 0.0034
          Episode_Reward/foot_clearance: -0.0031
               Episode_Reward/foot_slip: -0.0025
            Episode_Reward/soft_landing: -0.0012
             Episode_Reward/stand_still: 0.0000
        Episode_Metrics/mean_action_acc: 2.4530
             Metrics/twist/error_vel_xy: 0.0526
            Metrics/twist/error_vel_yaw: 0.0464
           Episode_Termination/time_out: 0.0000
          Episode_Termination/fell_over: 0.0000
    Episode_Termination/illegal_contact: 1.0000
          Metrics/angular_momentum_mean: 0.2911
             Metrics/slip_velocity_mean: 0.0643
             Metrics/landing_force_mean: 0.0000
--------------------------------------------------------------------------------
                         Iteration time: 10.05s
                           Time elapsed: 00:29:57
                                    ETA: 04:59:20

################################################################################
[1m                          Learning iteration 182/2000                           [0m 

                               Run name: act-pos_pdt20ms_phyDt0p1ms_tauDec4
                            Total steps: 4392 
                       Steps per second: 1 
                        Collection time: 12.958s 
                          Learning time: 0.164s 
                        Mean value loss: 2.1974
                    Mean surrogate loss: -0.1086
                      Mean entropy loss: 17.0605
                            Mean reward: -4.94
                    Mean episode length: 91.31
                        Mean action std: 1.00
   Episode_Reward/track_linear_velocity: 0.0131
  Episode_Reward/track_angular_velocity: 0.0193
     Episode_Reward/body_orientation_l2: -0.0015
                    Episode_Reward/pose: 0.0333
            Episode_Reward/body_ang_vel: -0.0107
        Episode_Reward/angular_momentum: -0.0004
           Episode_Reward/is_terminated: -0.2000
            Episode_Reward/joint_acc_l2: -0.0038
        Episode_Reward/joint_pos_limits: 0.0000
          Episode_Reward/action_rate_l2: -0.0931
               Episode_Reward/foot_gait: 0.0124
          Episode_Reward/foot_clearance: -0.0089
               Episode_Reward/foot_slip: -0.0050
            Episode_Reward/soft_landing: -0.0026
             Episode_Reward/stand_still: 0.0000
        Episode_Metrics/mean_action_acc: 2.3836
             Metrics/twist/error_vel_xy: 0.0832
            Metrics/twist/error_vel_yaw: 0.0878
           Episode_Termination/time_out: 0.0000
          Episode_Termination/fell_over: 0.0000
    Episode_Termination/illegal_contact: 1.0000
          Metrics/angular_momentum_mean: 0.5314
             Metrics/slip_velocity_mean: 0.2579
             Metrics/landing_force_mean: 0.0000
--------------------------------------------------------------------------------
                         Iteration time: 13.12s
                           Time elapsed: 00:30:11
                                    ETA: 04:59:42

################################################################################
[1m                          Learning iteration 183/2000                           [0m 

                               Run name: act-pos_pdt20ms_phyDt0p1ms_tauDec4
                            Total steps: 4416 
                       Steps per second: 2 
                        Collection time: 11.830s 
                          Learning time: 0.141s 
                        Mean value loss: 0.0504
                    Mean surrogate loss: -0.0862
                      Mean entropy loss: 17.0607
                            Mean reward: -4.94
                    Mean episode length: 91.31
                        Mean action std: 1.00
   Episode_Reward/track_linear_velocity: 0.0314
  Episode_Reward/track_angular_velocity: 0.0421
     Episode_Reward/body_orientation_l2: -0.0033
                    Episode_Reward/pose: 0.0599
            Episode_Reward/body_ang_vel: -0.0198
        Episode_Reward/angular_momentum: -0.0008
           Episode_Reward/is_terminated: -0.2000
            Episode_Reward/joint_acc_l2: -0.0067
        Episode_Reward/joint_pos_limits: 0.0000
          Episode_Reward/action_rate_l2: -0.1705
               Episode_Reward/foot_gait: 0.0250
          Episode_Reward/foot_clearance: -0.0169
               Episode_Reward/foot_slip: -0.0086
            Episode_Reward/soft_landing: -0.0045
             Episode_Reward/stand_still: 0.0000
        Episode_Metrics/mean_action_acc: 2.2866
             Metrics/twist/error_vel_xy: 0.1262
            Metrics/twist/error_vel_yaw: 0.1457
           Episode_Termination/time_out: 0.0000
          Episode_Termination/fell_over: 0.0000
    Episode_Termination/illegal_contact: 1.0000
          Metrics/angular_momentum_mean: 0.7516
             Metrics/slip_velocity_mean: 0.1562
             Metrics/landing_force_mean: 0.0000
--------------------------------------------------------------------------------
                         Iteration time: 11.97s
                           Time elapsed: 00:30:23
                                    ETA: 04:59:53

################################################################################
[1m                          Learning iteration 184/2000                           [0m 

                               Run name: act-pos_pdt20ms_phyDt0p1ms_tauDec4
                            Total steps: 4440 
                       Steps per second: 1 
                        Collection time: 12.450s 
                          Learning time: 0.110s 
                        Mean value loss: 1.6923
                    Mean surrogate loss: -0.1164
                      Mean entropy loss: 17.0611
                            Mean reward: -4.94
                    Mean episode length: 90.35
                        Mean action std: 1.00
   Episode_Reward/track_linear_velocity: 0.0190
  Episode_Reward/track_angular_velocity: 0.0285
     Episode_Reward/body_orientation_l2: -0.0020
                    Episode_Reward/pose: 0.0329
            Episode_Reward/body_ang_vel: -0.0135
        Episode_Reward/angular_momentum: -0.0006
           Episode_Reward/is_terminated: -0.2000
            Episode_Reward/joint_acc_l2: -0.0044
        Episode_Reward/joint_pos_limits: 0.0000
          Episode_Reward/action_rate_l2: -0.1079
               Episode_Reward/foot_gait: 0.0166
          Episode_Reward/foot_clearance: -0.0112
               Episode_Reward/foot_slip: -0.0057
            Episode_Reward/soft_landing: -0.0026
             Episode_Reward/stand_still: 0.0000
        Episode_Metrics/mean_action_acc: 2.2286
             Metrics/twist/error_vel_xy: 0.0866
            Metrics/twist/error_vel_yaw: 0.0970
           Episode_Termination/time_out: 0.0000
          Episode_Termination/fell_over: 0.0000
    Episode_Termination/illegal_contact: 1.0000
          Metrics/angular_momentum_mean: 0.4450
             Metrics/slip_velocity_mean: 0.2379
             Metrics/landing_force_mean: 0.0000
--------------------------------------------------------------------------------
                         Iteration time: 12.56s
                           Time elapsed: 00:30:35
                                    ETA: 05:00:09

################################################################################
[1m                          Learning iteration 185/2000                           [0m 

                               Run name: act-pos_pdt20ms_phyDt0p1ms_tauDec4
                            Total steps: 4464 
                       Steps per second: 1 
                        Collection time: 12.693s 
                          Learning time: 0.163s 
                        Mean value loss: 0.0644
                    Mean surrogate loss: -0.1027
                      Mean entropy loss: 17.0611
                            Mean reward: -4.94
                    Mean episode length: 90.35
                        Mean action std: 1.00
   Episode_Reward/track_linear_velocity: 0.0102
  Episode_Reward/track_angular_velocity: 0.0187
     Episode_Reward/body_orientation_l2: -0.0011
                    Episode_Reward/pose: 0.0136
            Episode_Reward/body_ang_vel: -0.0090
        Episode_Reward/angular_momentum: -0.0004
           Episode_Reward/is_terminated: -0.2000
            Episode_Reward/joint_acc_l2: -0.0028
        Episode_Reward/joint_pos_limits: 0.0000
          Episode_Reward/action_rate_l2: -0.0632
               Episode_Reward/foot_gait: 0.0106
          Episode_Reward/foot_clearance: -0.0071
               Episode_Reward/foot_slip: -0.0036
            Episode_Reward/soft_landing: -0.0012
             Episode_Reward/stand_still: 0.0000
        Episode_Metrics/mean_action_acc: 2.1872
             Metrics/twist/error_vel_xy: 0.0583
            Metrics/twist/error_vel_yaw: 0.0621
           Episode_Termination/time_out: 0.0000
          Episode_Termination/fell_over: 0.0000
    Episode_Termination/illegal_contact: 1.0000
          Metrics/angular_momentum_mean: 0.4476
             Metrics/slip_velocity_mean: 0.3023
             Metrics/landing_force_mean: 162.6744
--------------------------------------------------------------------------------
                         Iteration time: 12.86s
                           Time elapsed: 00:30:48
                                    ETA: 05:00:27

################################################################################
[1m                          Learning iteration 186/2000                           [0m 

                               Run name: act-pos_pdt20ms_phyDt0p1ms_tauDec4
                            Total steps: 4488 
                       Steps per second: 1 
                        Collection time: 12.794s 
                          Learning time: 0.166s 
                        Mean value loss: 0.0202
                    Mean surrogate loss: -0.1007
                      Mean entropy loss: 17.0606
                            Mean reward: -4.94
                    Mean episode length: 90.35
                        Mean action std: 1.00
   Episode_Reward/track_linear_velocity: 0.0102
  Episode_Reward/track_angular_velocity: 0.0187
     Episode_Reward/body_orientation_l2: -0.0011
                    Episode_Reward/pose: 0.0136
            Episode_Reward/body_ang_vel: -0.0090
        Episode_Reward/angular_momentum: -0.0004
           Episode_Reward/is_terminated: -0.2000
            Episode_Reward/joint_acc_l2: -0.0028
        Episode_Reward/joint_pos_limits: 0.0000
          Episode_Reward/action_rate_l2: -0.0632
               Episode_Reward/foot_gait: 0.0106
          Episode_Reward/foot_clearance: -0.0071
               Episode_Reward/foot_slip: -0.0036
            Episode_Reward/soft_landing: -0.0012
             Episode_Reward/stand_still: 0.0000
        Episode_Metrics/mean_action_acc: 2.1872
             Metrics/twist/error_vel_xy: 0.0583
            Metrics/twist/error_vel_yaw: 0.0621
           Episode_Termination/time_out: 0.0000
          Episode_Termination/fell_over: 0.0000
    Episode_Termination/illegal_contact: 1.0000
          Metrics/angular_momentum_mean: 0.7650
             Metrics/slip_velocity_mean: 0.7198
             Metrics/landing_force_mean: 155.9286
--------------------------------------------------------------------------------
                         Iteration time: 12.96s
                           Time elapsed: 00:31:01
                                    ETA: 05:00:47
